{
  "aggregates": [
    {
      "bot": "kite",
      "runs": 12,
      "survivedFullPct": 50,
      "winPct": 50,
      "survivalMsMedian": 1187116.6666663352,
      "survivalMsMin": 127816.66666668098,
      "survivalMsMax": 1203466.6666664113,
      "levelAt5minMedian": 14.5,
      "peakEnemiesMedian": 154,
      "minHpPctMedian": 30.27311925747511,
      "bucketSec": 10,
      "hpPctCurve": [
        100,
        100,
        100,
        100,
        99.87958854166668,
        99.38429704861116,
        96.8880131944446,
        96.20024678819448,
        96.39732812500006,
        96.39732812500006,
        96.35256597222227,
        94.82806111111125,
        93.65006553819444,
        92.98720711805555,
        92.98720711805555,
        92.98720711805555,
        92.96215937499998,
        92.96215937499998,
        92.96215937499998,
        92.96215937499998,
        92.64063072916655,
        92.64063072916655,
        92.64063072916655,
        92.64063072916655,
        92.64063072916655,
        92.64063072916655,
        92.64063072916655,
        94.61364480744996,
        94.61364480744996,
        94.61364480744996,
        94.61364480744996,
        92.64063072916655,
        90.22222222222202,
        90.22222222222202,
        91.77139175003248,
        94.43051445707061,
        97.54062251926325,
        99.84196666666665,
        99.84196666666665,
        100,
        100,
        100,
        100,
        100,
        100,
        100,
        100,
        100,
        100,
        100,
        100,
        100,
        100,
        100,
        100,
        99.91705808080808,
        100,
        100,
        99.82795949074072,
        100,
        99.84722222222221,
        96.26308651620363,
        99.74080041399571,
        99.90435697115385,
        99.83434975961538,
        99.92361111111111,
        99.83050260416667,
        100,
        99.8086808449074,
        100,
        100,
        100,
        100,
        100,
        100,
        100,
        100,
        99.98113107638889,
        100,
        100,
        100,
        100,
        100,
        100,
        100,
        100,
        100,
        100,
        100,
        100,
        100,
        99.1574798900466,
        100,
        100,
        100,
        100,
        100,
        100,
        100,
        100,
        100,
        100,
        100,
        100,
        100,
        100,
        100,
        100,
        100,
        100,
        100,
        99.70902644230783,
        100,
        99.60180451388906,
        100,
        100,
        100,
        99.73255243055564,
        99.8567055844908,
        100,
        100,
        99.71528030960654
      ],
      "enemiesCurve": [
        0,
        1.5,
        5,
        3,
        5.5,
        6.5,
        2.5,
        4.5,
        4,
        0,
        2,
        4,
        3,
        4,
        1,
        2,
        3,
        4,
        0,
        6,
        7,
        7,
        8,
        7,
        7,
        4,
        3,
        8,
        8,
        7,
        6,
        11,
        8,
        5,
        10,
        14,
        15,
        13,
        15,
        11,
        15,
        15,
        13,
        19,
        18,
        16,
        13,
        14,
        14,
        14,
        20,
        24,
        24,
        21,
        23,
        31,
        32,
        32,
        32,
        29,
        32,
        37,
        33.5,
        32.5,
        31,
        36,
        41,
        55,
        55.5,
        54.5,
        55.5,
        52,
        62.5,
        65,
        75,
        79.5,
        83,
        75.5,
        71,
        95,
        119,
        117,
        122,
        104,
        97,
        122,
        118,
        130,
        121,
        116,
        117,
        124,
        121,
        108,
        111,
        107,
        129,
        134,
        118,
        116,
        126,
        125,
        123,
        122,
        115,
        116,
        117,
        107,
        139,
        129,
        133,
        132,
        127,
        117,
        126,
        119,
        132,
        136,
        125,
        121.5,
        124,
        117.5
      ]
    },
    {
      "bot": "greedy",
      "runs": 12,
      "survivedFullPct": 25,
      "winPct": 25,
      "survivalMsMedian": 418974.99999979505,
      "survivalMsMin": 25316.66666666708,
      "survivalMsMax": 1202533.3333330736,
      "levelAt5minMedian": 10.5,
      "peakEnemiesMedian": 58,
      "minHpPctMedian": 1.06557319290064,
      "bucketSec": 10,
      "hpPctCurve": [
        100,
        97.70297256944448,
        82.56430467171765,
        45.285964756943365,
        52.27070863320546,
        51.90152972695549,
        50.646987539455495,
        50.46420117582044,
        52.7505157196983,
        52.61079412878921,
        64.14369453914041,
        67.02939569128692,
        67.26968862058209,
        70.43848660037783,
        70.67877952967301,
        70.67877952967301,
        70.67877952967301,
        70.67877952967301,
        70.67877952967301,
        70.67877952967301,
        70.67877952967301,
        70.67877952967301,
        70.67877952967301,
        70.67877952967301,
        70.67877952967301,
        70.67877952967301,
        72.045752083335,
        72.045752083335,
        72.045752083335,
        72.045752083335,
        75.45484299242591,
        74.16328670033704,
        74.16328670033704,
        76.81251785037875,
        76.81251785037875,
        79.93751785037875,
        79.93751785037875,
        79.86550222537875,
        79.86550222537875,
        79.86550222537875,
        80.34127107533705,
        86.11550222537875,
        92.64959313446967,
        96.05868404356058,
        97.35092735558726,
        99.95134440104167,
        99.91441179371843,
        99.97786979166668,
        100,
        100,
        100,
        99.96012738715277,
        99.98014559659092,
        99.8635074968434,
        100,
        99.94136761242228,
        99.93475339988424,
        99.48534354967938,
        99.44634805645732,
        99.33789197477864,
        99.72889232165399,
        98.84801916824492,
        98.86946022727278,
        98.95231887814145,
        99.0597875124008,
        99.16413215939156,
        98.95965021043774,
        99.54609843750004,
        99.36477158564817,
        99.34241070601858,
        99.93612534722223,
        99.38856423611122,
        99.42730771780307,
        98.0501517571552,
        99.67380303030306,
        99.6306047664142,
        99.69651151620376,
        99.9373957465278,
        100,
        99.81878784722227,
        100,
        99.74538194444452,
        100,
        100,
        94.84371944444662,
        99.88619317129633,
        99.93439780092595,
        100,
        100,
        100,
        100,
        97.46261822916784,
        98.48499513888972,
        99.35249143518558,
        98.81909618055624,
        100,
        100,
        99.91021875000004,
        100,
        100,
        100,
        100,
        100,
        99.94845978009263,
        100,
        100,
        100,
        100,
        100,
        100,
        100,
        100,
        100,
        100,
        100,
        100,
        100,
        100,
        100,
        100,
        100,
        100
      ],