{
  "aggregates": [
    {
      "bot": "kite",
      "runs": 12,
      "survivedFullPct": 25,
      "winPct": 25,
      "survivalMsMedian": 792591.6666662861,
      "survivalMsMin": 172599.9999999911,
      "survivalMsMax": 1202783.3333330748,
      "levelAt5minMedian": 14,
      "peakEnemiesMedian": 136,
      "minHpPctMedian": 0.26595986673554917,
      "bucketSec": 10,
      "hpPctCurve": [
        100,
        100,
        100,
        100,
        99.87785416666665,
        99.27757118055561,
        97.57569479868107,
        98.42501748649701,
        98.44696725501541,
        96.55557314814729,
        96.83550208333318,
        95.3286609296079,
        94.03373837068517,
        97.19076242283857,
        98.38277440200577,
        98.11902440200566,
        99.1392182870369,
        99.91983287037036,
        100,
        100,
        100,
        100,
        100,
        100,
        100,
        100,
        100,
        100,
        100,
        100,
        100,
        98.10967031425345,
        96.80555555555549,
        99.25410729166671,
        99.25410729166671,
        99.25410729166671,
        98.58569791666683,
        98.54173653198669,
        98.7534872042178,
        98.7534872042178,
        100,
        100,
        100,
        100,
        100,
        99.63625617283944,
        99.63625617283944,
        99.61271773288428,
        99.61271773288428,
        99.56936160213229,
        100,
        100,
        98.79380153218659,
        98.00340731972447,
        97.62316733305211,
        94.55864976150252,
        89.61590761408458,
        95.2357759038765,
        94.6903888012027,
        97.9630664106337,
        98.66003261784508,
        99.94425028935183,
        99.92373461174245,
        99.89787589436028,
        99.89787589436028,
        99.84483760346522,
        99.7866455702862,
        99.45292629419194,
        99.49167607060193,
        99.54171250482261,
        99.89121697881595,
        99.54171250482261,
        99.54171250482261,
        99.54171250482261,
        99.51684913083163,
        99.92133755304785,
        99.86172486657668,
        99.83449468717853,
        99.83449468717853,
        99.75229070216055,
        99.72956867283958,
        99.61032310956801,
        99.39883679751819,
        99.21859334812268,
        98.99651783532698,
        98.93177400816653,
        99.32159438743992,
        99.03606723411818,
        98.63882511895633,
        97.95382947530963,
        97.59995254382436,
        93.17616661844359,
        99.76812173551767,
        99.76812173551767,
        99.65058137464405,
        99.59122766797267,
        99.53147487832408,
        99.53147487832408,
        99.88694044863324,
        99.88694044863324,
        99.88694044863324,
        99.88694044863324,
        99.89024532903444,
        99.64808077050292,
        99.5302150848769,
        99.4588381834219,
        99.4588381834219,
        99.71077318948431,
        99.45244571208151,
        99.39096429949336,
        98.95824439208621,
        99.60623412009502,
        99.751552303792,
        99.39738611937867,
        99.39738611937867,
        99.39738611937867,
        99.39738611937867,
        99.39738611937867,
        99.39738611937867,
        99.39738611937867,
        93.4075316495821,
        92.94623061342678
      ],
      "enemiesCurve": [
        0,
        0,
        2.5,
        1,
        4.5,
        0.5,
        3,
        4,
        0.5,
        3,
        3.5,
        0,
        1,
        3,
        3,
        0,
        0.5,
        2,
        3,
        6,
        7,
        6,
        6,
        5,
        7,
        8,
        7,
        9,
        6,
        8,
        8,
        11,
        11,
        13,
        10,
        15,
        14,
        14,
        12,
        13,
        13,
        13,
        15,
        16,
        16,
        16,
        16,
        16,
        16,
        17,
        15,
        26,
        24,
        24,
        28,
        36,
        36,
        37,
        37,
        33,
        34,
        48.5,
        41.5,
        41,
        48.5,
        43,
        44,
        69.5,
        78,
        63.5,
        72.5,
        66,
        70.5,
        80,
        85.5,
        92.5,
        78,
        85,
        111,
        134,
        123,
        127,
        117.5,
        131,
        138,
        155.5,
        142,
        137,
        147,
        154.5,
        147.5,
        155,
        141,
        146,
        139,
        156,
        152,
        146,
        142,
        141,
        137,
        149,
        151,
        147,
        137,
        134,
        142,
        156,
        149,
        154,
        138,
        152.5,
        139,
        152,
        157,
        144,
        130,
        152,
        130,
        124,
        165.5,
        175
      ]
    },
    {
      "bot": "greedy",
      "runs": 12,
      "survivedFullPct": 0,
      "winPct": 0,
      "survivalMsMedian": 617566.6666666936,
      "survivalMsMin": 28733.333333333994,
      "survivalMsMax": 1145383.3333328075,
      "levelAt5minMedian": 19,
      "peakEnemiesMedian": 57.5,
      "minHpPctMedian": 0.3278767070712198,
      "bucketSec": 10,