{
  "aggregates": [
    {
      "bot": "kite",
      "runs": 12,
      "survivedFullPct": 0,
      "survivalMsMedian": 534133.3333335546,
      "survivalMsMin": 310049.99999999476,
      "survivalMsMax": 626400.0000000064,
      "levelAt5minMedian": 14,
      "peakEnemiesMedian": 51.5,
      "bucketSec": 10,
      "hpPctCurve": [
        100,
        100,
        100,
        100,
        100,
        100,
        100,
        100,
        100,
        100,
        100,
        100,
        100,
        100,
        99.24344687499999,
        99.24344687499999,
        99.24344687499999,
        99.24344687499999,
        99.24344687499999,
        98.9147484375001,
        97.80033819444438,
        97.56623715277772,
        97.46463402777769,
        97.46463402777769,
        97.2090171875,
        96.96611354166677,
        96.96611354166677,
        96.96611354166677,
        96.96611354166677,
        96.96611354166677,
        96.94209184027788,
        81.43942866161633,
        83.47222222222163,
        83.47222222222163,
        83.47222222222163,
        83.47222222222163,
        83.47222222222163,
        81.01821306818199,
        80.83068992003385,
        79.40663510101103,
        79.40663510101103,
        77.31823540088145,
        79.40663510101103,
        76.41393785814621,
        68.0742949306739,
        69.72038090277641,
        73.84467087805099,
        73.84467087805099,
        73.84467087805099,
        73.84467087805099,
        73.84467087805099,
        78.39128064499232,
        68.53074999999829,
        67.97393854166478,
        71.70767083379408,
        78.19889001999225,
        76.3715222537881,
        75.15066316813966,
        73.13993284406517,
        74.26799598043416,
        66.706595428439,
        56.892850992896854,
        38.796055175142754,
        8.433740463666824
      ],
      "enemiesCurve": [
        0,
        1,
        1,
        0,
        1,
        1,
        1,
        1,
        1.5,
        2,
        1,
        2,
        2,
        2,
        2,
        2,
        2,
        1.5,
        2,
        7.5,
        7,
        6,
        6,
        7,
        6,
        5,
        6,
        8,
        8,
        8,
        7,
        10.5,
        8,
        7,
        8,
        18,
        16,
        16,
        13,
        15,
        15,
        13,
        15,
        26,
        25,
        24,
        24.5,
        23,
        23,
        22.5,
        24,
        36,
        35,
        37,
        37,
        65,
        69,
        63,
        70,
        64,
        66.5,
        85.5,
        89,
        89.5
      ]
    },
    {
      "bot": "greedy",
      "runs": 12,
      "survivedFullPct": 0,
      "survivalMsMedian": 474141.6666668524,
      "survivalMsMin": 216549.9999999655,
      "survivalMsMax": 602783.3333333947,
      "levelAt5minMedian": 19,
      "peakEnemiesMedian": 31.5,
      "bucketSec": 10,
      "hpPctCurve": [
        100,
        99.222361111111,
        96.75806249999994,
        94.86040277777741,
        92.73769160353521,
        92.44309090909066,
        91.91566458333322,
        89.49240416666612,
        87.56728194444405,
        87.24569027777741,
        86.01258541666618,
        85.86248124999963,
        84.77672777777738,
        83.60677465277728,
        83.60677465277728,
        83.06197725694395,
        83.02052100694394,
        82.59847048611061,
        80.88475642361071,
        76.25443663194426,
        75.15751475694435,
        74.37795520833362,
        74.37795520833362,
        74.37795520833362,
        74.37795520833362,
        74.37795520833362,
        74.37795520833362,
        74.10617395833363,
        74.10617395833363,
        73.28799791666702,
        77.5140088252328,
        73.45452430555564,
        73.45452430555564,
        73.45452430555564,
        71.59422569444476,
        71.59422569444476,
        71.59422569444476,
        71.34669513888916,
        70.97316493055577,
        70.70777465277796,
        69.01456123737103,
        65.43925798611006,
        64.92138516413915,
        67.84330243055501,
        47.195239930550386,
        38.74839548610382,
        30.474348263888874,
        30.474348263888874,
        50.31419875840781,
        38.07814059868191,
        41.9524767808192,
        40.040467361108405,
        50.46072499999485,
        48.41931423610529,
        37.805986805546446,
        59.307866716638465,
        82.82755137310137,
        75.08116277356254,
        57.23861271568833,
        52.444947495780106,
        25.805302241146965
      ],
      "enemiesCurve": [
        0,
        1,
        0,
        0,
        1,
        1,
        1,
        1,
        1,
        1,
        1,
        1.5,
        1,
        1.5,
        1,
        1,
        1,
        2,
        2,
        5.5,
        5.5,
        5,
        5,
        4,
        4,
        5,
        6,
        6,
        7,
        6,
        7,
        6,
        6,
        8,
        8,
        15,
        14,
        13,
        13,
        13,
        11,
        13,
        16.5,
        21,
        23,
        24,
        23,
        20,
        24,
        22,
        21.5,
        34.5,
        30,
        36,
        59,
        70,
        67,
        64,
        71,
        65,
        69
      ]
    },
    {
      "bot": "idle",
      "runs": 12,
      "survivedFullPct": 0,
      "survivalMsMedian": 304574.99999998836,
      "survivalMsMin": 140516.66666667644,
      "survivalMsMax": 620533.3333333534,
      "levelAt5minMedian": 10,
      "peakEnemiesMedian": 14.5,
      "bucketSec": 10,
      "hpPctCurve": [
        100,
        100,
        100,
        100,
        100,
        100,
        100,
        100,
        100,
        99.57943680555556,
        99.57943680555556,
        96.46995277777776,
        82.00258749999922,
        76.42857187499965,
        72.09181128472181,
        74.9025802083337,
        72.09340520833382,
        72.29948107638785,
        72.29948107638785,
        67.79691770833077,
        66.06995503472045,
        53.264334374999756,
        54.307257291667476,
        54.307257291667476,
        53.393226041667575,
        52.002942708334444,
        48.14122083333494,
        48.14122083333494,
        48.14122083333494,
        48.14122083333494,
        52.33260729166807,
        38.3696870580832,
        37.93661887626502,
        37.35766433081048,
        37.35766433081048,
        32.23618390151714,
        20.90639201389049,
        20.90639201389049,
        39.110328472224126,
        39.110328472224126,
        39.110328472224126,
        38.69709756944628,
        38.69709756944628,
        38.69709756944628,
        38.69709756944628,
        38.63413750000182,
        38.63413750000182,
        38.179015972223915,
        38.179015972223915,
        38.11210277777945,
        38.11210277777945,
        37.834915277779345,
        37.69422430555708,
        36.76463576389011,
        36.16792291666771,
        32.76193958333338,
        53.68026559606133,
        48.60764432869906,
        37.806104456011795,
        24.70902369790788,
        27.220252604151934,
        25.4497294560036,
        9.389275485204749
      ],