{
  "aggregates": [
    {
      "bot": "kite",
      "runs": 12,
      "survivedFullPct": 8.333333333333332,
      "survivalMsMedian": 474858.33333352,
      "survivalMsMin": 309199.9999999938,
      "survivalMsMax": 660000,
      "levelAt5minMedian": 15,
      "peakEnemiesMedian": 39,
      "bucketSec": 10,
      "hpPctCurve": [
        100,
        100,
        100,
        100,
        100,
        100,
        100,
        100,
        100,
        100,
        100,
        100,
        100,
        98.94026666666667,
        98.94026666666667,
        98.94026666666667,
        98.94026666666667,
        98.83762604166667,
        98.83762604166667,
        98.24410572916673,
        97.21490520833345,
        96.47192239583347,
        95.31321319444436,
        95.08639973958338,
        95.06328828125017,
        95.06328828125017,
        94.92699661458352,
        94.92699661458352,
        94.02400619354634,
        93.60951661021306,
        93.10390897132419,
        83.47222222222163,
        83.47222222222163,
        83.47222222222163,
        83.47222222222163,
        83.47222222222163,
        83.47222222222163,
        83.47222222222163,
        85.2997181502519,
        84.77156284722155,
        86.68375130997433,
        86.03408099747438,
        86.03408099747438,
        88.4064192550503,
        82.97916319444376,
        84.64615409038247,
        84.64615409038247,
        84.43561314709538,
        84.04208580334527,
        83.24426271306723,
        81.32000417718704,
        79.99017012047366,
        80.09335910668976,
        70.70578507469925,
        60.88382818812196,
        77.16060042613324,
        81.3884592408443,
        76.23003082649123,
        62.95296311815513,
        86.85830798611147,
        86.34029965277809,
        82.66726770833333,
        74.60050069444387,
        20.010634027775033,
        1.7363270833304116,
        1.7363270833304116
      ],
      "enemiesCurve": [
        0,
        1,
        1,
        0,
        1,
        1,
        1,
        1,
        1.5,
        2,
        1,
        2,
        2,
        2,
        2,
        2,
        2,
        2,
        1.5,
        7,
        7,
        6,
        5.5,
        5,
        6,
        6.5,
        5.5,
        8.5,
        8,
        6.5,
        8,
        9,
        7,
        7,
        6,
        15,
        15,
        18,
        16,
        15,
        15,
        14.5,
        15,
        24,
        25,
        23.5,
        25.5,
        22,
        25.5,
        26,
        22.5,
        35,
        34,
        38,
        37,
        64,
        61,
        64,
        60.5,
        49,
        54,
        93,
        86,
        80,
        89,
        89
      ]
    },
    {
      "bot": "greedy",
      "runs": 12,
      "survivedFullPct": 0,
      "survivalMsMedian": 390291.66666675487,
      "survivalMsMin": 78149.99999999985,
      "survivalMsMax": 600866.6666667325,
      "levelAt5minMedian": 18,
      "peakEnemiesMedian": 18.5,
      "bucketSec": 10,
      "hpPctCurve": [
        100,
        99.222361111111,
        96.75806249999994,
        94.86040277777741,
        92.73769160353521,
        92.44309090909066,
        91.91566458333322,
        89.29088611111058,
        88.97619722222196,
        88.33301388888867,
        85.86680416666621,
        84.97208888888828,
        86.7867355850167,
        86.60851822390558,
        86.44098981481464,
        86.35331924189796,
        86.35331924189796,
        86.35331924189796,
        86.12736568287019,
        84.27277106481475,
        82.3238875815447,
        91.10459530197816,
        91.10459530197816,
        91.10459530197816,
        88.16928540614512,
        89.05025159548222,
        92.62345807433357,
        91.4147471368338,
        85.96869892636438,
        83.25291167787813,
        83.25291167787813,
        90.30309798245797,
        90.16153052214048,
        90.12563270468019,
        90.12563270468019,
        88.49995214912467,
        85.05760258838343,
        82.31523166301305,
        78.31797192217434,
        71.32489285037775,
        69.8611679450745,
        67.12986562499819,
        69.6351576388888,
        67.84330243055501,
        67.71738229166611,
        58.39246458333063,
        58.25085486110837,
        58.17153402777501,
        51.07265227271899,
        53.8614552083293,
        53.709238888884805,
        52.015532986106486,
        68.0028708648947,
        66.85114580702395,
        59.85015020516984,
        54.14667925609422,
        63.16677107006572,
        55.75081852376778,
        42.209901478715054,
        25.53996451290027,
        9.596604737257124
      ],
      "enemiesCurve": [
        0,
        1,
        0,
        0,
        1,
        1,
        1,
        1,
        1,
        1,
        1,
        1,
        1,
        2,
        1,
        1,
        1,
        1,
        1,
        6,
        5,
        5,
        6,
        5,
        6,
        4.5,
        5,
        6.5,
        6.5,
        7.5,
        6.5,
        6,
        6,
        6,
        6,
        14,
        14,
        14,
        14,
        13.5,
        13.5,
        14.5,
        15,
        23,
        21,
        22,
        20,
        22,
        22,
        23,
        21,
        33,
        34,
        35.5,
        47.5,
        63,
        65,
        70,
        69,
        66,
        71
      ]
    },
    {
      "bot": "idle",
      "runs": 12,
      "survivedFullPct": 0,
      "survivalMsMedian": 301983.3333333187,
      "survivalMsMin": 134133.33333334682,
      "survivalMsMax": 620533.3333333534,
      "levelAt5minMedian": 9.5,
      "peakEnemiesMedian": 13,
      "bucketSec": 10,
      "hpPctCurve": [
        100,
        100,
        100,
        100,
        100,
        100,
        100,
        100,
        100,
        99.57943680555556,
        99.57943680555556,
        96.46995277777776,
        79.93684999999905,
        72.21657968749822,
        67.79691770833077,
        72.21657968749822,
        72.21657968749822,
        72.21657968749822,
        72.21657968749822,
        67.79691770833077,
        67.79691770833077,
        54.497332291667455,
        54.307257291667476,
        54.307257291667476,
        54.307257291667476,
        52.916973958334346,
        49.14942812500149,
        49.14942812500149,
        49.14942812500149,
        49.14942812500149,
        40.85832743055762,
        68.77179270833457,
        68.7218899305568,
        68.7218899305568,
        68.25603055555675,
        64.29349270833427,
        63.159831250000884,
        58.20841666666716,
        52.94109479166832,
        52.94109479166832,
        52.94109479166832,
        52.94109479166832,
        52.94109479166832,
        52.80639826389051,
        69.85862274305487,
        66.33639427083182,
        62.73192430555305,
        59.52435321180219,
        56.56367213541248,
        56.52999852430136,
        54.22196388888399,
        53.43539733795784,
        52.35539997105937,
        52.25993324652231,
        50.52132294559583,
        46.799577980316904,
        78.11518084490136,
        69.31598553239935,
        58.04989467591572,
        38.895464409709014,
        27.220252604151934,
        25.4497294560036,
        9.389275485204749
      ],