{
  "aggregates": [
    {
      "bot": "kite",
      "runs": 12,
      "survivedFullPct": 33.33333333333333,
      "winPct": 33.33333333333333,
      "survivalMsMedian": 902666.6666660298,
      "survivalMsMin": 110433.33333334258,
      "survivalMsMax": 1201716.6666664032,
      "levelAt5minMedian": 12.5,
      "peakEnemiesMedian": 147.5,
      "minHpPctMedian": 0.5066088860392266,
      "bucketSec": 10,
      "hpPctCurve": [
        100,
        100,
        100,
        100,
        99.8792291666667,
        99.29433854166662,
        97.7857376736113,
        96.35522083333325,
        95.31240451388925,
        92.71800208333346,
        92.63001597222234,
        92.11238587436881,
        94.20173055555556,
        94.20173055555556,
        94.20173055555556,
        94.20173055555556,
        94.20173055555556,
        94.20173055555556,
        94.20173055555556,
        94.20173055555556,
        92.71998813131306,
        92.71998813131306,
        90.51715479797974,
        90.51715479797974,
        89.81296354166679,
        89.4463745265154,
        89.4463745265154,
        89.4463745265154,
        89.4463745265154,
        89.4463745265154,
        86.61507765151585,
        66.15103627551605,
        65.4662671782938,
        64.66278895202066,
        64.66278895202066,
        64.66278895202066,
        64.66278895202066,
        64.66278895202066,
        64.66278895202066,
        64.66278895202066,
        64.66278895202066,
        64.66278895202066,
        64.66278895202066,
        64.66278895202066,
        64.66278895202066,
        64.66278895202066,
        64.66278895202066,
        64.66278895202066,
        64.1733049776616,
        64.13775329496929,
        64.13775329496929,
        64.13775329496929,
        63.62501888708856,
        58.886875513244675,
        58.30591029111133,
        58.117597646435364,
        57.764395623198126,
        54.86945711319649,
        53.221436787344615,
        52.92501357687449,
        47.87935736693857,
        37.464795601447015,
        32.600231511730136,
        32.600231511730136,
        41.45150194654501,
        41.45150194654501,
        41.45150194654501,
        41.45150194654501,
        41.85130801898978,
        41.54129290035556,
        41.32394307396669,
        40.99459932396675,
        40.606125220957566,
        40.606125220957566,
        40.30664677767059,
        39.77678149321558,
        39.63430446330109,
        39.45154832013874,
        38.52773662142106,
        42.34646493055491,
        42.34646493055491,
        42.34646493055491,
        42.34646493055491,
        42.34646493055491,
        42.34646493055491,
        42.34646493055491,
        42.34646493055491,
        42.34646493055491,
        42.34646493055491,
        42.34646493055491,
        42.34646493055491,
        41.58257604166603,
        48.452573740205224,
        48.452573740205224,
        48.452573740205224,
        48.452573740205224,
        48.452573740205224,
        48.452573740205224,
        48.452573740205224,
        48.452573740205224,
        48.452573740205224,
        48.452573740205224,
        48.452573740205224,
        48.452573740205224,
        48.452573740205224,
        48.452573740205224,
        48.452573740205224,
        48.452573740205224,
        48.452573740205224,
        48.452573740205224,
        48.452573740205224,
        48.452573740205224,
        48.452573740205224,
        48.39800342770524,
        48.39800342770524,
        48.39800342770524,
        48.39800342770524,
        48.39800342770524,
        48.39800342770524,
        49.936510236588475,
        48.57283756030672
      ],
      "enemiesCurve": [
        0,
        0,
        2.5,
        1,
        4.5,
        0,
        3,
        6.5,
        1,
        3,
        5,
        0,
        1,
        2,
        3,
        0,
        0,
        2,
        2,
        6,
        6,
        5,
        5,
        5,
        8,
        7,
        7,
        8,
        5,
        7,
        9,
        9,
        7,
        7.5,
        7,
        14,
        13,
        13.5,
        12,
        11.5,
        10.5,
        14,
        13.5,
        13,
        15,
        13.5,
        12.5,
        16.5,
        14,
        13.5,
        11,
        24,
        19,
        21.5,
        22,
        31.5,
        28.5,
        26.5,
        29,
        29.5,
        29.5,
        40.5,
        35.5,
        34.5,
        32,
        32,
        35,
        56,
        56.5,
        57.5,
        56,
        56.5,
        62.5,
        73.5,
        71.5,
        73,
        67,
        82.5,
        82.5,
        105,
        103,
        97,
        111,
        117,
        111,
        118,
        124,
        126,
        127,
        122,
        123,
        121,
        114,
        112,
        110,
        104,
        96,
        114,
        124,
        117,
        106,
        105,
        110,
        111,
        124,
        116,
        123,
        118,
        113,
        121,
        130,
        123,
        129,
        134,
        121,
        108,
        126,
        136,
        140,
        142,
        143
      ]
    },
    {
      "bot": "greedy",
      "runs": 12,
      "survivedFullPct": 8.333333333333332,
      "winPct": 8.333333333333332,
      "survivalMsMedian": 672274.9999998996,
      "survivalMsMin": 27750.00000000059,
      "survivalMsMax": 1203249.9999997437,
      "levelAt5minMedian": 19,
      "peakEnemiesMedian": 70,
      "minHpPctMedian": 0.23857947190576884,
      "bucketSec": 10,