{
  "aggregates": [
    {
      "bot": "kite",
      "runs": 12,
      "survivedFullPct": 41.66666666666667,
      "winPct": 41.66666666666667,
      "survivalMsMedian": 864983.3333327842,
      "survivalMsMin": 310049.99999999476,
      "survivalMsMax": 1221733.333333163,
      "levelAt5minMedian": 12.5,
      "peakEnemiesMedian": 220,
      "minHpPctMedian": 1.885279461332038,
      "bucketSec": 10,
      "hpPctCurve": [
        100,
        100,
        100,
        100,
        100,
        99.51434340277774,
        98.89686954089505,
        97.78226149691349,
        97.72695864197523,
        98.84156668595679,
        97.54860098379613,
        96.55137893518521,
        96.55137893518521,
        95.5507052276236,
        95.5507052276236,
        95.45673022762335,
        94.65435856481477,
        94.65435856481477,
        94.65435856481477,
        94.65435856481477,
        93.89166408179034,
        91.51052903163566,
        91.51052903163566,
        91.35456915509243,
        91.35456915509243,
        91.35456915509243,
        91.21777893518505,
        91.21777893518505,
        91.21777893518505,
        91.21777893518505,
        91.21777893518505,
        89.03278952020142,
        86.00014050925918,
        72.3517281635799,
        74.38897131558613,
        65.64903797523756,
        61.46338276690405,
        69.74831131453294,
        69.74831131453294,
        69.74831131453294,
        69.74831131453294,
        69.74831131453294,
        69.74831131453294,
        69.74831131453294,
        69.74831131453294,
        69.74831131453294,
        76.56649313271475,
        76.56649313271475,
        76.56649313271475,
        76.56649313271475,
        76.56649313271475,
        93.76042402613979,
        93.76042402613979,
        100,
        100,
        99.8214099326599,
        99.87975964506171,
        100,
        100,
        96.85663275112208,
        100,
        96.04223467311989,
        94.53999076637064,
        93.99157096876831,
        91.86720098824776,
        85.13583356265652,
        80.91492948313255,
        96.16486391987019,
        98.64691649130292,
        96.4223111672291,
        98.93322934203167,
        98.57396710157155,
        99.93918328584996,
        100,
        100,
        100,
        100,
        99.80927558167147,
        100,
        100,
        100,
        100,
        100,
        100,
        100,
        100,
        99.72483333333346,
        100,
        99.90688831018524,
        99.46062564759728,
        100,
        99.07718573633191,
        100,
        98.12402372685253,
        99.91081997863253,
        100,
        100,
        100,
        100,
        100,
        100,
        100,
        100,
        100,
        100,
        100,
        100,
        100,
        100,
        100,
        100,
        100,
        100,
        100,
        100,
        100,
        100,
        100,
        100,
        100,
        100,
        98.87741936227371,
        89.587659366098
      ],
      "enemiesCurve": [
        0,
        2,
        6,
        4.5,
        7.5,
        9,
        5.5,
        6.5,
        7,
        3.5,
        4,
        6.5,
        7,
        6.5,
        2.5,
        4.5,
        7,
        6,
        2,
        12,
        12,
        12,
        12,
        12.5,
        14,
        12.5,
        8.5,
        16,
        17,
        16,
        16,
        20,
        21,
        15,
        19.5,
        27.5,
        32,
        22,
        28,
        27,
        24,
        29,
        25,
        36,
        32,
        34,
        31,
        31,
        33,
        32,
        33,
        43,
        46,
        45,
        53,
        60,
        62,
        66,
        58,
        70,
        72,
        78,
        75.5,
        87,
        79.5,
        81.5,
        93.5,
        124,
        128,
        131,
        130,
        132,
        145,
        154,
        160,
        176,
        179,
        187,
        196,
        206,
        208,
        213,
        215,
        219,
        217,
        207.5,
        217,
        218.5,
        217,
        217,
        215,
        217.5,
        211,
        217,
        219,
        217,
        214,
        218,
        209,
        215,
        218,
        218,
        212,
        219,
        218,
        209,
        220,
        208,
        218,
        219,
        216,
        203,
        217,
        217,
        219,
        212,
        217,
        219,
        208,
        219,
        219,
        218,
        218
      ]
    },
    {
      "bot": "greedy",
      "runs": 12,
      "survivedFullPct": 25,
      "winPct": 25,
      "survivalMsMedian": 664983.3333332499,
      "survivalMsMin": 36083.33333333381,
      "survivalMsMax": 1207766.6666664314,
      "levelAt5minMedian": 16,
      "peakEnemiesMedian": 117,
      "minHpPctMedian": 0.37272984504464934,
      "bucketSec": 10,
      "hpPctCurve": [
        100,
        98.80185555555545,
        98.50036388888883,
        87.98519384645004,
        78.5015917824064,
        76.80107692901132,
        76.80107692901132,
        76.9112653163574,
        76.85234907056616,
        75.91419861111083,
        79.32328952020175,
        79.32328952020175,
        79.32328952020175,
        79.32328952020175,
        78.82792554012292,
        78.41179504243772,
        76.3942745177464,
        76.03565453317849,
        75.29552280092545,
        77.7862722993826,
        71.59806427469057,
        71.59806427469057,
        71.59806427469057,
        71.34437550154243,
        71.34437550154243,
        73.50897080878134,
        73.50897080878134,
        73.46239862864667,
        86.34437550154243,
        86.34437550154243,
        85.22648470819327,
        76.384697671156,
        68.69181675434794,
        34.49999885311313,
        28.376838117285363,
        51.695560041386535,
        76.384697671156,
        76.384697671156,
        82.62365081661524,
        82.62365081661524,
        82.49199958204731,
        82.49199958204731,
        88.74199958204731,
        85.57939849887677,
        85.57939849887677,
        85.57939849887677,
        92.3975803170586,
        99.2157621352404,
        99.2157621352404,
        99.10509855499345,
        99.9328167087542,
        100,
        100,
        99.52351128472205,
        97.92739747299318,
        98.76993188832745,
        98.70908838383811,
        99.02235442386805,
        99.44595422979786,
        97.55347225729481,
        99.01215589634769,
        93.90996666023602,
        82.23200783316729,
        84.91057926173872,
        93.20880237957402,
        93.20880237957402,
        93.44701027199022,
        93.44701027199022,
        96.57201027199022,
        96.26580263606907,
        99.732359107906,
        100,
        100,
        100,
        99.85217101571273,
        100,
        100,
        100,
        100,
        99.90771422558926,
        100,
        100,
        100,
        100,
        99.71133901515162,
        100,
        100,
        100,
        100,
        98.60947880658506,
        98.67415261243457,
        97.52276177983576,
        94.21805257436135,
        100,
        100,
        100,
        100,
        100,
        100,
        100,
        100,
        100,
        100,
        100,
        100,
        100,
        100,
        100,
        100,
        100,
        100,
        100,
        99.92542258230456,
        98.55723711419819,
        98.8197557355972,
        99.40866828704702,
        99.49366049382732,
        98.98101720679041,
        98.97736327160526,
        98.97736327160526,
        100,
        100
      ],