{
  "aggregates": [
    {
      "bot": "kite",
      "runs": 12,
      "survivedFullPct": 25,
      "winPct": 25,
      "survivalMsMedian": 543408.333333533,
      "survivalMsMin": 197299.99999997672,
      "survivalMsMax": 632416.6666666591,
      "levelAt5minMedian": 14,
      "peakEnemiesMedian": 62,
      "minHpPctMedian": 2.3078459881834785,
      "bucketSec": 10,
      "hpPctCurve": [
        100,
        100,
        100,
        100,
        100,
        100,
        100,
        100,
        100,
        100,
        100,
        100,
        100,
        100,
        100,
        100,
        98.07073177083332,
        98.07073177083332,
        97.72204354745368,
        95.66104187069682,
        93.54973240740736,
        93.54973240740736,
        93.54973240740736,
        93.54973240740736,
        93.28821042874962,
        93.28821042874962,
        92.74373319109534,
        91.78087835701167,
        91.40232994528589,
        91.40232994528589,
        91.30349187710408,
        77.92068011714318,
        80.36727502455055,
        80.36727502455055,
        80.36727502455055,
        80.36727502455055,
        81.03141639309723,
        76.4339893623729,
        75.59471521464553,
        75.59471521464553,
        75.22391881313033,
        84.83585858585803,
        82.38478727903745,
        77.86213748245957,
        59.150179043902774,
        58.30849187710121,
        55.749570615877154,
        68.87345951528918,
        84.83585858585803,
        84.83585858585803,
        84.83585858585803,
        84.83585858585803,
        84.83585858585803,
        84.83585858585803,
        84.83585858585803,
        82.31232194338867,
        82.65832260977719,
        85.58431844223263,
        77.15468291575885,
        62.569237082967575,
        59.99137165383618,
        64.54354014301289,
        60.52285899391473,
        50.46149524154012
      ],
      "enemiesCurve": [
        0,
        1,
        0.5,
        0,
        1,
        1,
        2,
        2,
        1,
        2,
        1,
        2.5,
        3,
        2,
        3,
        4,
        3,
        2.5,
        2,
        7,
        8,
        8,
        6,
        6,
        5,
        5,
        5,
        6.5,
        7.5,
        9,
        7,
        8.5,
        7.5,
        7.5,
        7,
        13.5,
        15.5,
        15,
        13,
        15.5,
        15,
        14,
        14,
        23,
        22,
        24,
        24,
        24.5,
        23,
        19,
        23,
        33,
        34,
        33,
        36,
        60.5,
        56,
        58.5,
        65.5,
        63,
        66,
        91,
        86,
        91
      ]
    },
    {
      "bot": "greedy",
      "runs": 12,
      "survivedFullPct": 0,
      "winPct": 0,
      "survivalMsMedian": 492425.0000002071,
      "survivalMsMin": 166799.99999999447,
      "survivalMsMax": 590350.0000000903,
      "levelAt5minMedian": 19,
      "peakEnemiesMedian": 31.5,
      "minHpPctMedian": 0.18642269825490804,
      "bucketSec": 10,
      "hpPctCurve": [
        100,
        98.82437499999988,
        97.22093402777755,
        93.72931249999982,
        93.22364583333322,
        92.20116666666681,
        88.56233101851893,
        89.19250439814867,
        89.02643432239108,
        89.02643432239108,
        89.02643432239108,
        89.02643432239108,
        88.61840654461326,
        88.61840654461326,
        88.61840654461326,
        87.95929320344706,
        89.0050326602252,
        89.73389881453443,
        89.73389881453443,
        88.27616650591597,
        86.01423013117363,
        86.01423013117363,
        86.01423013117363,
        86.01423013117363,
        84.13349909979495,
        81.7669288837459,
        79.70365383873586,
        79.70365383873586,
        79.18282661394173,
        78.2970363425921,
        76.69765416666723,
        78.14341304012558,
        78.91015335648387,
        81.78575763889032,
        79.76645160108151,
        78.16915903420858,
        71.59557067579755,
        71.58899259259191,
        69.67518738425835,
        69.67518738425835,
        69.0813582175916,
        72.25398626367655,
        68.10337718693066,
        58.305486110836384,
        63.126254964435624,
        57.36097134026491,
        55.86109375835565,
        50.39419712373845,
        48.73133049268374,
        47.295162050182874,
        45.680163786293434,
        42.619235625927104,
        38.21111473664942,
        29.137650135608034,
        37.46050119889939,
        44.05986705128533,
        14.792898819036209,
        11.425168073655419
      ],
      "enemiesCurve": [
        0,
        1,
        0,
        0,
        1,
        1,
        1,
        1,
        1,
        1,
        1,
        1,
        1,
        2,
        1,
        0,
        1,
        1,
        1,
        5,
        6,
        4,
        5,
        5,
        4,
        5,
        4,
        8,
        7,
        6,
        7,
        7,
        6,
        7.5,
        7,
        14,
        14,
        13,
        11,
        13,
        12,
        13.5,
        15,
        21,
        20,
        21,
        23,
        24,
        24,
        20,
        26,
        32.5,
        32,
        30,
        35.5,
        72,
        64,
        67
      ]
    },
    {
      "bot": "idle",
      "runs": 12,
      "survivedFullPct": 8.333333333333332,
      "winPct": 8.333333333333332,
      "survivalMsMedian": 247541.66666664954,
      "survivalMsMin": 110016.6666666758,
      "survivalMsMax": 632266.6666666594,
      "levelAt5minMedian": 8.5,
      "peakEnemiesMedian": 10,
      "minHpPctMedian": 0.5643939236071496,
      "bucketSec": 10,
      "hpPctCurve": [
        100,
        100,
        100,
        100,
        100,
        100,
        100,
        99.9603263888889,
        99.90544212962965,
        96.47521851851863,
        96.16727638888898,
        77.31124259259325,
        77.8679601851842,
        68.53846022376356,
        74.58557638888874,
        74.58557638888874,
        74.58557638888874,
        63.56714711700459,
        63.56714711700459,
        63.30500850869933,
        50.49508051697453,
        50.30443314043134,
        48.49916844135748,
        46.25981298225277,
        45.9966773726849,
        44.92652523148131,
        44.252564641203655,
        43.603451408179055,
        42.50657953317922,
        40.709371373457195,
        31.370398804013384,
        48.9278967978401,
        48.9278967978401,
        48.9278967978401,
        48.9278967978401,
        48.9278967978401,
        48.80093762275591,
        48.80093762275591,
        48.73292362864816,
        48.73292362864816,
        48.73292362864816,
        48.73292362864816,
        48.73292362864816,
        48.434267624158736,
        48.434267624158736,
        46.17478208473117,
        39.95577243966774,
        35.68518808921758,
        31.8678463033017,
        31.007403752796375,
        37.33169893903794,
        36.82258593398725,
        34.8365382172357,
        32.42075924697667,
        46.788256295594785,
        46.04456749789536,
        45.67721375210401,
        41.622485532406216,
        38.58536400462786,
        38.58536400462786,
        38.58536400462786,
        37.93248900462782,
        37.93248900462782
      ],