{
  "aggregates": [
    {
      "bot": "kite",
      "runs": 12,
      "survivedFullPct": 8.333333333333332,
      "survivalMsMedian": 521883.3333335526,
      "survivalMsMin": 367900.0000000621,
      "survivalMsMax": 660000,
      "levelAt5minMedian": 14,
      "peakEnemiesMedian": 42.5,
      "bucketSec": 10,
      "hpPctCurve": [
        100,
        100,
        100,
        100,
        100,
        100,
        100,
        100,
        100,
        100,
        100,
        100,
        100,
        98.94026666666667,
        98.94026666666667,
        98.94026666666667,
        98.94026666666667,
        98.94026666666667,
        98.94026666666667,
        98.24410572916673,
        97.21490520833345,
        96.47192239583347,
        96.47192239583347,
        96.47192239583347,
        96.36279166666684,
        96.36279166666684,
        96.22831302083353,
        96.22831302083353,
        96.22831302083353,
        96.22831302083353,
        96.021207465278,
        82.91840051415565,
        87.39068683894197,
        87.39068683894197,
        87.32270500133512,
        86.80397730368553,
        81.13554108573645,
        78.4292009943176,
        86.9478289614895,
        86.68375130997433,
        88.59593977272712,
        88.59593977272712,
        88.59593977272712,
        89.12984573863557,
        85.51232425820538,
        88.33874122474725,
        88.33874122474725,
        87.94733497474716,
        87.76617493686832,
        87.76617493686832,
        87.33485075757528,
        86.78350353535288,
        88.96019493897333,
        81.47257512626302,
        80.40989551767476,
        76.10095726009364,
        76.52505255681726,
        65.94396120398349,
        64.05103832738055,
        45.902697809213706,
        66.10248368055147,
        62.09079374999555,
        74.60050069444387,
        20.010634027775033,
        1.7363270833304116,
        1.7363270833304116
      ],
      "enemiesCurve": [
        0,
        1,
        1,
        0,
        1,
        1,
        1,
        1,
        1.5,
        2,
        1,
        2,
        2,
        2,
        1.5,
        2,
        2,
        1.5,
        2,
        7,
        7,
        7,
        5.5,
        5,
        6,
        6,
        5.5,
        8,
        7.5,
        6,
        7.5,
        7.5,
        7.5,
        6.5,
        7,
        15.5,
        17,
        15.5,
        15.5,
        14.5,
        15,
        16,
        16,
        24.5,
        25.5,
        22,
        22,
        21,
        25,
        22,
        22,
        34,
        34.5,
        36.5,
        37,
        64,
        65.5,
        71,
        67.5,
        64,
        59.5,
        88,
        86,
        80,
        89,
        89
      ]
    },
    {
      "bot": "greedy",
      "runs": 12,
      "survivedFullPct": 0,
      "survivalMsMedian": 428875.00000013306,
      "survivalMsMin": 78149.99999999985,
      "survivalMsMax": 600866.6666667325,
      "levelAt5minMedian": 18,
      "peakEnemiesMedian": 23.5,
      "bucketSec": 10,
      "hpPctCurve": [
        100,
        99.222361111111,
        96.75806249999994,
        94.86040277777741,
        92.73769160353521,
        91.76617077020164,
        90.31266666666663,
        86.82097361111073,
        92.22089015151522,
        91.94479061447812,
        91.94479061447812,
        91.94479061447812,
        92.41581860269343,
        92.23381017466323,
        92.19170079966322,
        91.98870825704958,
        91.98870825704958,
        91.98870825704958,
        91.62256719802181,
        91.49939623053447,
        91.11513761311018,
        91.12567992424219,
        91.12567992424219,
        91.12567992424219,
        91.12567992424219,
        89.96423461174238,
        97.05548402777787,
        94.69322569444554,
        86.89712847222438,
        84.93233001084627,
        81.57349334490998,
        77.61652989267635,
        77.61652989267635,
        77.56085767045414,
        77.56085767045414,
        77.23813197600968,
        75.33492986111051,
        70.0520102430554,
        73.563757291319,
        68.90642696724427,
        65.31307233761406,
        63.03242118055581,
        65.54762583648898,
        62.814198374367194,
        58.258651025881434,
        61.13543159722211,
        61.13543159722211,
        59.68033159722174,
        44.55974968432982,
        44.99589998420799,
        53.66882569444215,
        53.59897326388657,
        68.77805853850697,
        68.60375657091433,
        65.94296201072822,
        55.28040304081784,
        37.39672980585943,
        55.75081852376778,
        42.209901478715054,
        25.53996451290027,
        9.596604737257124
      ],
      "enemiesCurve": [
        0,
        1,
        0,
        0,
        1,
        1,
        1,
        1,
        1,
        1,
        0,
        1,
        1,
        1.5,
        1,
        1,
        1,
        1,
        1,
        5.5,
        5,
        5,
        6,
        5,
        6,
        4,
        5,
        7,
        7,
        7,
        7,
        6,
        6,
        6,
        6,
        14,
        14.5,
        14,
        12,
        14,
        14,
        16,
        14,
        23.5,
        24,
        22,
        22,
        23,
        20,
        22.5,
        21,
        30,
        35,
        32,
        51.5,
        64,
        61,
        70,
        69,
        66,
        71
      ]
    },
    {
      "bot": "idle",
      "runs": 12,
      "survivedFullPct": 0,
      "survivalMsMedian": 278399.99999996467,
      "survivalMsMin": 134133.33333334682,
      "survivalMsMax": 620533.3333333534,
      "levelAt5minMedian": 9.5,
      "peakEnemiesMedian": 12,
      "bucketSec": 10,
      "hpPctCurve": [
        100,
        100,
        100,
        100,
        100,
        100,
        100,
        100,
        100,
        99.57943680555556,
        99.57943680555556,
        96.46995277777776,
        79.93684999999905,
        72.21657968749822,
        67.79691770833077,
        72.21657968749822,
        72.21657968749822,
        72.21657968749822,
        72.21657968749822,
        67.79691770833077,
        67.79691770833077,
        54.497332291667455,
        54.307257291667476,
        54.307257291667476,
        54.307257291667476,
        52.916973958334346,
        52.84564895833468,
        52.37019895833471,
        51.86892291666808,
        49.49891944444605,
        49.14942812500149,
        68.77179270833457,
        68.7218899305568,
        68.7218899305568,
        68.25603055555675,
        64.29349270833427,
        63.159831250000884,
        58.20841666666716,
        52.94109479166832,
        52.94109479166832,
        52.94109479166832,
        52.94109479166832,
        52.94109479166832,
        52.80639826389051,
        69.85862274305487,
        66.33639427083182,
        62.73192430555305,
        59.52435321180219,
        56.56367213541248,
        56.52999852430136,
        54.22196388888399,
        53.43539733795784,
        52.35539997105937,
        52.25993324652231,
        50.52132294559583,
        46.799577980316904,
        78.11518084490136,
        69.31598553239935,
        58.04989467591572,
        38.895464409709014,
        27.220252604151934,
        25.4497294560036,
        9.389275485204749
      ],