{
  "aggregates": [
    {
      "bot": "kite",
      "runs": 12,
      "survivedFullPct": 16.666666666666664,
      "winPct": 16.666666666666664,
      "survivalMsMedian": 527358.3333335633,
      "survivalMsMin": 132250.00000001458,
      "survivalMsMax": 633049.9999999909,
      "levelAt5minMedian": 14,
      "peakEnemiesMedian": 61,
      "minHpPctMedian": 0.9778866301599913,
      "bucketSec": 10,
      "hpPctCurve": [
        100,
        100,
        100,
        100,
        100,
        100,
        99.975375,
        99.78542550505053,
        99.13040782828301,
        97.92742929292905,
        97.61623526935993,
        97.2660092592591,
        96.12379491091446,
        95.36599256453385,
        95.52768518518498,
        93.87479377104326,
        93.87479377104326,
        100,
        100,
        99.0252034722222,
        99.08884907407412,
        94.55246319444458,
        94.23345937500015,
        99.08884907407412,
        99.89472569444445,
        99.89472569444445,
        99.08884907407412,
        99.08884907407412,
        99.23523800505059,
        99.45655338103259,
        99.08884907407412,
        93.47558101851818,
        93.47558101851818,
        97.56098951318761,
        98.95833333333309,
        98.3312353716561,
        99.38543097643084,
        97.12264158950566,
        94.8358623278724,
        94.75342129629576,
        94.89175283416378,
        99.47491006890431,
        99.28682492526704,
        98.6193585543825,
        94.19489781063791,
        94.97018253133061,
        94.04932243295076,
        97.24086416785308,
        95.35768564113232,
        94.83553426627243,
        94.58590884539694,
        94.58590884539694,
        92.27701083214367,
        86.8019054514111,
        85.59697113495544,
        64.00071678590251,
        90.71120229774752,
        88.87630588200041,
        88.63138373990634,
        88.45567611387749,
        86.24176646054823,
        86.24176646054823,
        85.4862979333032,
        71.54828433111264
      ],
      "enemiesCurve": [
        0,
        0,
        2.5,
        1,
        3,
        0,
        2,
        3,
        1,
        2,
        3,
        0,
        1,
        2,
        3,
        0,
        0,
        2,
        2,
        7,
        8,
        7,
        7,
        6,
        6,
        7,
        6,
        7,
        11,
        11,
        9,
        14,
        11,
        8,
        9,
        16,
        15,
        17,
        14,
        16.5,
        19,
        19,
        15,
        26,
        32,
        29.5,
        28,
        24,
        24,
        27,
        26,
        43,
        38,
        39,
        37,
        65,
        66.5,
        75,
        65,
        70,
        78.5,
        88,
        89.5,
        63
      ]
    },
    {
      "bot": "greedy",
      "runs": 12,
      "survivedFullPct": 16.666666666666664,
      "winPct": 16.666666666666664,
      "survivalMsMedian": 533483.3333335561,
      "survivalMsMin": 87150.00000000247,
      "survivalMsMax": 632599.999999992,
      "levelAt5minMedian": 18.5,
      "peakEnemiesMedian": 40,
      "minHpPctMedian": 0.6126106560631762,
      "bucketSec": 10,
      "hpPctCurve": [
        100,
        97.64874999999975,
        97.41023611111115,
        90.61404861111093,
        88.31309722222227,
        87.78395138888888,
        95.98209027777801,
        95.1341284722224,
        93.26995763888905,
        93.79700000000042,
        93.79700000000042,
        93.79700000000042,
        97.58187407407407,
        96.33400673400659,
        95.52161481481465,
        95.43054814814799,
        94.02711111111091,
        100,
        100,
        98.14658912037056,
        93.74544930555628,
        93.30837340067379,
        93.92986910774476,
        99.64879208754319,
        98.19055481902497,
        98.02683501683643,
        92.24330481902608,
        91.41163985339725,
        99.89497942386834,
        99.64209259259262,
        93.13790172559337,
        85.80845389660485,
        99.7675112233446,
        99.0842796746399,
        100,
        99.44468351337441,
        99.27378604779985,
        97.32875848765411,
        98.04961868248444,
        97.90206428433626,
        98.60918607549837,
        98.57366052350406,
        99.5667971569325,
        97.56491070426425,
        97.07206811167153,
        99.35310422602078,
        98.09350563271552,
        98.09350563271552,
        97.58513425925854,
        97.91275408950557,
        97.10539822530777,
        97.10539822530777,
        93.15421148989655,
        91.16654338523817,
        88.39148921506325,
        85.80479171488739,
        87.00970167205239,
        83.87443864044457,
        86.44196140278902,
        94.06463476588401,
        92.75119925001076,
        89.295480803141,
        88.15341452778715,
        44.45202687137445
      ],
      "enemiesCurve": [
        0,
        0,
        2.5,
        0,
        2,
        0,
        1,
        3,
        0,
        1,
        3,
        0,
        1,
        2,
        3,
        0,
        0,
        1,
        2,
        6,
        5,
        6,
        5,
        2,
        5,
        5,
        5,
        7,
        8,
        8,
        7,
        7.5,
        6,
        6,
        7,
        13,
        13,
        14,
        13.5,
        14,
        13.5,
        15.5,
        12,
        22,
        21,
        25,
        23,
        19,
        23,
        22,
        22,
        32,
        34,
        35,
        37.5,
        59,
        60,
        63,
        64,
        63,
        70,
        78,
        77,
        80.5
      ]
    },
    {
      "bot": "idle",
      "runs": 12,
      "survivedFullPct": 0,
      "winPct": 0,
      "survivalMsMedian": 302999.99999998655,
      "survivalMsMin": 103716.66666667396,
      "survivalMsMax": 431916.6666668033,
      "levelAt5minMedian": 13,
      "peakEnemiesMedian": 12,
      "minHpPctMedian": 0.38268626192593924,
      "bucketSec": 10,
      "hpPctCurve": [
        100,
        100,
        100,
        92.95334027777801,
        92.95334027777801,
        82.06431944444378,
        80.07764947390632,
        74.28016435185236,
        70.72532407407547,
        70.72532407407547,
        70.72532407407547,
        72.81715370370489,
        72.81715370370489,
        72.81715370370489,
        67.87300555555717,
        55.61586712963008,
        55.61586712963008,
        55.61586712963008,
        55.61586712963008,
        50.493251157405815,
        50.48347754629678,
        40.054400115744784,
        32.14636811343002,
        31.988953182874482,
        31.43088402778195,
        28.964124410778673,
        26.085755602908733,
        23.419434367986554,
        21.739409004396506,
        22.244089365886055,
        24.645108164980613,
        38.5206835648154,
        35.668122993827694,
        33.654682021605396,
        32.20272495089821,
        29.25697754629639,
        21.165854440234973,
        20.898403542367372,
        19.218507533669037,
        17.86352489477992,
        17.287824803590148,
        15.083185914700811,
        13.674950434902497
      ],
      "enemiesCurve": [
        0,
        0,
        3,
        0,
        1.5,
        0,
        2,
        2,
        0,
        1.5,
        2.5,
        0,
        1,
        2,
        3,
        0,
        0,
        2,
        3,
        6,
        6,
        6,
        4.5,
        6.5,
        6.5,
        7,
        6,
        6.5,
        10,
        10,
        5,
        11,
        9,
        12,
        18,
        23,
        19,
        21,
        21,
        20,
        20,
        19,
        24
      ]
    }
  ]
}