{
  "aggregates": [
    {
      "bot": "kite",
      "runs": 12,
      "survivedFullPct": 58.333333333333336,
      "winPct": 8.333333333333332,
      "survivalMsMedian": 1247783.3333332804,
      "survivalMsMin": 319350.0000000056,
      "survivalMsMax": 1260000,
      "levelAt5minMedian": 13,
      "peakEnemiesMedian": 220,
      "minHpPctMedian": 25.04513565997331,
      "bucketSec": 10,
      "hpPctCurve": [
        100,
        100,
        100,
        100,
        100,
        99.51434340277774,
        98.89686954089505,
        97.58260640432084,
        96.13684268904296,
        93.2579816358024,
        93.6372436342591,
        93.51377712191342,
        92.94187949459882,
        89.2897607586277,
        89.2897607586277,
        86.71782806712986,
        86.71782806712986,
        86.71782806712986,
        86.71782806712986,
        83.08033161651221,
        82.97692631172836,
        79.64564078282842,
        78.63958456088679,
        79.3315977746218,
        78.02412825827801,
        76.66312299733534,
        76.49208448723437,
        77.79955400357818,
        81.20864491266909,
        81.14389527392001,
        82.53484696356003,
        81.14389527392001,
        79.4068273133546,
        79.036233719136,
        76.58974992283967,
        76.89728592171711,
        75.00055212191378,
        76.17943368055528,
        79.09542259399475,
        69.90990070847232,
        65.27368735970678,
        67.57692810044743,
        68.69736311377709,
        68.69736311377709,
        68.69736311377709,
        75.51554493195891,
        75.51554493195891,
        75.51554493195891,
        82.33372675014073,
        82.33372675014073,
        89.15190856832254,
        89.15190856832254,
        90.41554479166636,
        92.06766884118817,
        92.06766884118817,
        92.81062422839443,
        90.41554479166636,
        97.23372660984818,
        99.73438966049375,
        100,
        100,
        97.48967592592581,
        95.56944444444436,
        81.11018675294332,
        79.51003828458131,
        73.04894562639996,
        79.51003828458131,
        79.17114961367058,
        86.13182782434876,
        89.00349942830809,
        95.67569528619411,
        95.58146685600988,
        95.58146685600988,
        95.80094431584378,
        96.28956272505178,
        95.58146685600988,
        100,
        100,
        100,
        100,
        100,
        100,
        100,
        100,
        100,
        100,
        100,
        100,
        100,
        100,
        100,
        100,
        100,
        100,
        100,
        100,
        100,
        100,
        100,
        100,
        100,
        100,
        100,
        100,
        100,
        100,
        100,
        100,
        100,
        100,
        100,
        100,
        100,
        100,
        100,
        100,
        100,
        100,
        100,
        100,
        100,
        100,
        100,
        94.84427554012385,
        97.99492322530861,
        99.88886831275721
      ],
      "enemiesCurve": [
        0,
        2,
        6,
        4.5,
        7.5,
        9,
        6.5,
        8,
        10.5,
        6.5,
        6,
        8,
        10.5,
        8.5,
        6.5,
        5.5,
        6.5,
        8,
        4,
        10,
        12.5,
        13,
        12,
        13.5,
        14,
        10,
        7.5,
        14.5,
        18,
        15,
        12.5,
        18.5,
        19,
        17,
        19,
        30.5,
        32,
        32,
        33,
        26,
        32,
        28,
        29,
        35,
        34,
        37,
        33,
        35,
        38,
        37,
        40,
        50,
        51,
        51,
        50,
        63,
        65,
        72,
        64,
        69,
        73,
        84,
        86,
        81,
        87,
        91,
        94,
        129.5,
        127,
        125,
        128,
        123,
        146,
        156,
        160,
        178,
        164,
        162,
        176,
        198,
        214,
        218,
        217,
        203,
        203,
        205,
        216,
        218,
        213,
        216,
        206,
        213,
        218,
        216,
        211,
        212,
        206,
        213,
        218,
        210,
        209,
        209,
        207,
        215,
        213,
        219,
        211,
        215,
        215,
        212,
        217,
        219,
        214,
        217,
        218,
        209,
        217,
        217,
        209,
        213,
        220,
        212,
        213,
        220,
        214,
        219.5
      ]
    },
    {
      "bot": "greedy",
      "runs": 12,
      "survivedFullPct": 8.333333333333332,
      "winPct": 0,
      "survivalMsMedian": 318200.00000000425,
      "survivalMsMin": 36083.33333333381,
      "survivalMsMax": 1260000,
      "levelAt5minMedian": 16,
      "peakEnemiesMedian": 26,
      "minHpPctMedian": 0.5001555755230481,
      "bucketSec": 10,