{
  "aggregates": [
    {
      "bot": "kite",
      "runs": 12,
      "survivedFullPct": 33.33333333333333,
      "winPct": 33.33333333333333,
      "survivalMsMedian": 604858.3333333898,
      "survivalMsMin": 211549.99999996842,
      "survivalMsMax": 633833.3333333224,
      "levelAt5minMedian": 15,
      "peakEnemiesMedian": 76.5,
      "minHpPctMedian": 2.2656957323835343,
      "bucketSec": 10,
      "hpPctCurve": [
        100,
        100,
        100,
        100,
        100,
        100,
        100,
        100,
        100,
        99.56087013888887,
        99.56087013888887,
        98.06342847222231,
        97.00985046296299,
        97.00985046296299,
        97.00985046296299,
        97.00985046296299,
        95.54765190972222,
        92.69943935185194,
        92.69943935185194,
        92.65475667438281,
        88.7669999807103,
        87.48921682098788,
        88.35623765432136,
        88.35623765432136,
        88.35623765432136,
        88.35623765432136,
        88.35623765432136,
        88.35623765432136,
        88.35623765432136,
        88.35623765432136,
        88.35623765432136,
        88.6328341820994,
        89.08161093925332,
        89.08161093925332,
        89.08161093925332,
        89.08161093925332,
        88.76801508487674,
        88.76801508487674,
        87.56457098765442,
        87.56457098765442,
        87.56457098765442,
        87.4938007856342,
        87.4938007856342,
        87.40428879068469,
        85.81036238425715,
        83.136271152496,
        83.136271152496,
        80.52547941568265,
        77.06178001543176,
        77.06178001543176,
        79.06571432729788,
        78.85621678678854,
        73.58601035031549,
        76.77705837191317,
        76.77705837191317,
        78.67595870451915,
        76.53985926626954,
        70.79192887901897,
        66.37722550176274,
        65.4872489466819,
        66.86617719621536,
        51.3070022377608,
        51.52067044752563,
        49.87155196758562
      ],
      "enemiesCurve": [
        0,
        1,
        0.5,
        0,
        1,
        1,
        1.5,
        2,
        1.5,
        3,
        2,
        2.5,
        3,
        2.5,
        2,
        3,
        2.5,
        2.5,
        2,
        8,
        7,
        7.5,
        6,
        6,
        6,
        6,
        5,
        8,
        8,
        6,
        7,
        8,
        6,
        6,
        8,
        14,
        14,
        15,
        12,
        14,
        12,
        14,
        15,
        20,
        22,
        22,
        22,
        21,
        22,
        21,
        22.5,
        32.5,
        33.5,
        32,
        31,
        57,
        57,
        59,
        55,
        58,
        69.5,
        72.5,
        81,
        76
      ]
    },
    {
      "bot": "greedy",
      "runs": 12,
      "survivedFullPct": 8.333333333333332,
      "winPct": 8.333333333333332,
      "survivalMsMedian": 515333.3333335671,
      "survivalMsMin": 192149.99999997971,
      "survivalMsMax": 630733.3333333296,
      "levelAt5minMedian": 19,
      "peakEnemiesMedian": 41.5,
      "minHpPctMedian": 0.4930652584574032,
      "bucketSec": 10,
      "hpPctCurve": [
        100,
        98.82437499999988,
        97.4278333333332,
        94.3921006944442,
        93.68664930555536,
        93.16540972222228,
        91.05029398148167,
        92.18826273148159,
        92.18826273148159,
        92.18826273148159,
        91.59767939814826,
        91.59767939814826,
        91.59767939814826,
        91.59767939814826,
        91.59767939814826,
        91.59767939814826,
        91.59767939814826,
        91.59767939814826,
        91.49974162808654,
        91.73629928626517,
        92.42574714506169,
        92.42574714506169,
        92.42574714506169,
        92.42574714506169,
        92.42574714506169,
        92.42574714506169,
        91.67575594135812,
        91.423507947531,
        90.95362060185207,
        90.95362060185207,
        93.91382121270614,
        99.91654724326642,
        99.91654724326644,
        98.35104629629642,
        98.35104629629642,
        93.95378345959568,
        93.95378345959568,
        90.62252493686796,
        88.34063994107616,
        86.5639312925367,
        86.5639312925367,
        85.72726213299237,
        84.45535349106126,
        83.31748355505565,
        81.38391496585113,
        80.92850361138755,
        78.27003631432882,
        76.21332865614919,
        70.84170850270272,
        70.61997056807128,
        68.83019976229464,
        77.86653770907739,
        67.96447865649452,
        75.37804776233725,
        67.48117445986516,
        69.89089246807376,
        51.79263446266724,
        60.907984707013085,
        52.57404699481991,
        41.286208874318966,
        68.35780366511544,
        65.20090343363361,
        45.761926736101344,
        40.69579228394066
      ],
      "enemiesCurve": [
        0,
        1,
        0,
        0,
        1,
        1,
        0.5,
        1,
        1,
        1,
        0,
        0.5,
        1,
        1,
        1,
        0.5,
        0,
        1,
        1,
        5,
        4,
        4,
        4,
        4,
        4,
        4,
        4,
        6,
        5,
        6,
        5,
        5,
        6,
        5,
        6,
        12,
        12,
        11,
        11,
        12,
        15,
        12,
        13,
        22,
        20,
        19,
        19,
        19.5,
        20,
        20,
        20,
        32.5,
        29.5,
        29,
        29,
        57,
        49.5,
        55.5,
        55,
        56,
        62,
        79,
        84,
        77
      ]
    },
    {
      "bot": "idle",
      "runs": 12,
      "survivedFullPct": 0,
      "winPct": 0,
      "survivalMsMedian": 230191.66666662763,
      "survivalMsMin": 109666.6666666757,
      "survivalMsMax": 552966.666666844,
      "levelAt5minMedian": 8,
      "peakEnemiesMedian": 10,
      "minHpPctMedian": 0.3860696478622299,
      "bucketSec": 10,
      "hpPctCurve": [
        100,
        100,
        100,
        100,
        100,
        100,
        100,
        99.94710185185187,
        99.8784965277778,
        96.3590379629631,
        95.60420787037044,
        90.76182222222155,
        86.56963611111078,
        79.36118472222105,
        86.56963611111078,
        86.56963611111078,
        86.56963611111078,
        85.73913993055521,
        85.73913993055521,
        72.17655559413622,
        76.85117235725372,
        76.60872540509327,
        75.05325675154401,
        74.9440312500008,
        74.23720727237742,
        73.64447283950713,
        73.64447283950713,
        80.73809714506305,
        75.50113564815028,
        75.50113564815028,
        76.61847360234398,
        26.03897612934864,
        30.041501381873914,
        30.041501381873914,
        30.041501381873914,
        25.69164006032475,
        21.67754041806842,
        21.280659104937058,
        51.61489756944328,
        51.46311516203584,
        49.19540183080645,
        44.54311216329705,
        88.56633626543196,
        83.60828487654184,
        79.43858522376297,
        75.77662920524355,
        71.97415065585986,
        71.97415065585986,
        71.97415065585986,
        71.97415065585986,
        71.97415065585986,
        68.93340817900705,
        68.27478028548829,
        61.26218441357215,
        42.991003587948285,
        26.8390059027578
      ],