{
  "aggregates": [
    {
      "bot": "kite",
      "runs": 12,
      "survivedFullPct": 33.33333333333333,
      "survivalMsMedian": 602341.6666667291,
      "survivalMsMin": 461183.33333350404,
      "survivalMsMax": 660000,
      "levelAt5minMedian": 16,
      "peakEnemiesMedian": 96,
      "bucketSec": 10,
      "hpPctCurve": [
        100,
        100,
        100,
        100,
        100,
        100,
        100,
        100,
        100,
        100,
        100,
        100,
        100,
        100,
        100,
        100,
        100,
        100,
        100,
        100,
        99.73553159722219,
        98.2957197916667,
        97.09113854166674,
        96.82751666666675,
        96.24650468750016,
        96.24650468750016,
        96.24650468750016,
        96.24650468750016,
        96.24650468750016,
        96.2000567708335,
        96.15219045138906,
        67.92185946403146,
        65.9708618850766,
        65.9708618850766,
        65.9708618850766,
        65.867727536786,
        65.867727536786,
        65.867727536786,
        65.867727536786,
        65.867727536786,
        65.80109794849236,
        65.80109794849236,
        65.80109794849236,
        65.17183765583346,
        63.553009158809274,
        63.250422766613426,
        62.29178548505793,
        63.930619581228,
        63.930619581228,
        63.930619581228,
        63.930619581228,
        63.35038231270933,
        63.35038231270933,
        63.054250946968494,
        62.93424660669067,
        62.737720565023956,
        59.830438446967584,
        48.84084936868871,
        53.685489293978335,
        53.70563333841673,
        49.02480758890886,
        49.02480758890886,
        42.32596952072667,
        57.054418231071985,
        27.62396192320157,
        27.83841666666357
      ],
      "enemiesCurve": [
        0,
        1,
        1,
        0,
        1,
        1,
        0.5,
        1,
        1,
        1.5,
        1,
        1,
        1,
        1,
        1,
        2,
        2,
        2,
        2,
        7.5,
        8,
        7,
        7.5,
        7,
        7,
        8,
        6,
        7.5,
        6,
        8,
        7.5,
        10.5,
        8,
        6.5,
        7.5,
        15.5,
        15.5,
        13,
        16,
        16,
        13.5,
        15,
        15,
        21.5,
        24,
        22,
        21,
        22,
        21,
        22,
        24,
        34,
        33,
        34,
        35,
        62,
        62,
        62,
        64,
        65,
        64.5,
        84,
        90.5,
        85.5,
        113.5,
        114
      ]
    },
    {
      "bot": "greedy",
      "runs": 12,
      "survivedFullPct": 0,
      "survivalMsMedian": 542466.6666668685,
      "survivalMsMin": 198583.3333333093,
      "survivalMsMax": 591166.6666667551,
      "levelAt5minMedian": 17,
      "peakEnemiesMedian": 61.5,
      "bucketSec": 10,
      "hpPctCurve": [
        100,
        99.222361111111,
        96.83444444444405,
        96.73788888888882,
        95.88851167929283,
        92.56163194444431,
        90.18242708333301,
        90.11675173611079,
        89.13470902777789,
        88.80689872685161,
        86.94825011574058,
        86.53047164351835,
        86.14602106481476,
        86.11847809606476,
        86.11847809606476,
        86.11847809606476,
        86.11847809606476,
        85.6408216540404,
        84.03142697285374,
        80.42676623526997,
        76.41642163825787,
        76.00736631944443,
        75.35457035296984,
        75.35457035296984,
        73.97396458373917,
        70.91392858328157,
        70.91392858328157,
        70.91392858328157,
        75.94079513888889,
        75.94079513888889,
        75.94079513888889,
        50.39823888888848,
        50.39823888888848,
        49.090130092592105,
        46.38354994212903,
        46.38354994212903,
        44.35021892361035,
        40.91805601851733,
        40.15136649305427,
        40.15136649305427,
        33.69800885416423,
        33.69800885416423,
        26.84344519675537,
        31.06415974589398,
        27.826014491263653,
        26.261484688022534,
        32.896025536612534,
        32.77781215277412,
        30.211852556813763,
        28.371358554287962,
        27.80837559974235,
        26.734481344691506,
        22.03893620580107,
        17.99015053660774,
        26.97657146989252,
        10.666158738404093,
        24.65870402395502,
        43.46071380153303,
        36.134773821372725,
        14.945492637506813
      ],
      "enemiesCurve": [
        0,
        1,
        0,
        0,
        1,
        1,
        1,
        1.5,
        1,
        1.5,
        1,
        1.5,
        1,
        1,
        1,
        2,
        2,
        1.5,
        1.5,
        5,
        5.5,
        5,
        5,
        5,
        6,
        5,
        5,
        6,
        7,
        5,
        7,
        6,
        7,
        6,
        8,
        12,
        14,
        14,
        14,
        13,
        14,
        14,
        20,
        25,
        21.5,
        23,
        22,
        21,
        22,
        26,
        28,
        33,
        31,
        34,
        39,
        67,
        58.5,
        74,
        63,
        55
      ]
    },
    {
      "bot": "idle",
      "runs": 12,
      "survivedFullPct": 0,
      "survivalMsMedian": 217574.9999999649,
      "survivalMsMin": 92616.66666667073,
      "survivalMsMax": 308983.33333332685,
      "levelAt5minMedian": 8,
      "peakEnemiesMedian": 11,
      "bucketSec": 10,
      "hpPctCurve": [
        100,
        100,
        100,
        100,
        100,
        100,
        100,
        100,
        100,
        99.57943680555556,
        99.6613805555555,
        95.31810555555539,
        89.49326502525304,
        85.89273333333344,
        85.89273333333344,
        82.90912812499981,
        82.90912812499981,
        82.90912812499981,
        82.90912812499981,
        71.94915257260038,
        71.75184119318239,
        68.22676994949431,
        65.70253869949457,
        65.1218729797979,
        63.488367771464794,
        63.49507118055382,
        63.49507118055382,
        63.49507118055382,
        57.96798368055459,
        54.83877013888807,
        56.50161478851071,
        2.5382580492448255
      ],
      "enemiesCurve": [
        0,
        1,
        0.5,
        0,
        1,
        1,
        0,
        1,
        1,
        1,
        1,
        2,
        2,
        2,
        2,
        1,
        1,
        1,
        2,
        6.5,
        4.5,
        5,
        4.5,
        5,
        5,
        4,
        5,
        5,
        7,
        8,
        5.5,
        7
      ]
    }
  ]
}