{
  "aggregates": [
    {
      "bot": "kite",
      "runs": 12,
      "survivedFullPct": 50,
      "winPct": 8.333333333333332,
      "survivalMsMedian": 1214116.666666461,
      "survivalMsMin": 214966.6666666331,
      "survivalMsMax": 1260000,
      "levelAt5minMedian": 12.5,
      "peakEnemiesMedian": 220,
      "minHpPctMedian": 10.611936605234881,
      "bucketSec": 10,
      "hpPctCurve": [
        100,
        100,
        100,
        100,
        100,
        99.59232708333332,
        98.8673515309344,
        97.25260032793196,
        95.83862058256159,
        93.83490142746894,
        93.74021074459878,
        93.74021074459878,
        91.99443929398166,
        91.86157949459893,
        91.86157949459893,
        90.98617831790118,
        89.0645530092591,
        89.0645530092591,
        88.29810966435167,
        87.70386408354359,
        86.53234816919189,
        85.46464627174521,
        88.91293063271645,
        86.46387168209937,
        86.46387168209937,
        86.46387168209937,
        86.46387168209937,
        87.07070844907349,
        87.07070844907349,
        90.86253433642004,
        91.77565482253097,
        90.66454371141984,
        83.8666494598771,
        82.85305802469189,
        84.34796963734564,
        80.7959034897585,
        83.96136523569012,
        77.83210130120607,
        66.96363383487473,
        66.96363383487473,
        60.5821314639439,
        60.5821314639439,
        67.40031328212571,
        67.40849139660406,
        73.91363083263074,
        74.90849139660406,
        82.40849139660405,
        82.40849139660405,
        82.40849139660405,
        74.28063321759164,
        74.28063321759164,
        80.1584430380172,
        86.97662485619901,
        89.90849139660406,
        89.90849139660406,
        89.90849139660406,
        97.07939513888792,
        99.55142876683492,
        100,
        96.24728580246807,
        93.91805765993229,
        96.1956940586417,
        85.91583994732716,
        82.44829426979595,
        81.89523831656703,
        86.61510078437425,
        83.28208078703432,
        81.30988519008324,
        79.63802134125844,
        82.46376871483398,
        96.884636334925,
        97.89628918986327,
        99.08333333333331,
        97.12522714120368,
        100,
        100,
        100,
        100,
        100,
        100,
        100,
        100,
        100,
        100,
        100,
        100,
        100,
        100,
        100,
        100,
        100,
        99.65174114138196,
        96.94213819889723,
        96.13566319444524,
        100,
        100,
        100,
        100,
        100,
        100,
        100,
        100,
        100,
        100,
        100,
        100,
        100,
        100,
        100,
        100,
        100,
        100,
        100,
        100,
        100,
        100,
        100,
        100,
        100,
        100,
        100,
        100,
        99.61805555555554,
        99.64710303681659,
        97.3253027722664,
        99.7327265432099
      ],
      "enemiesCurve": [
        0,
        2,
        6,
        4.5,
        7.5,
        9,
        6,
        9.5,
        10,
        4,
        5.5,
        7,
        9.5,
        6.5,
        4.5,
        6,
        8,
        8,
        4,
        12,
        12,
        13.5,
        13,
        13,
        12,
        10,
        10,
        15,
        17,
        15,
        15,
        20,
        18,
        19,
        20,
        29,
        27,
        31,
        29,
        28,
        26,
        28,
        29,
        34,
        34,
        33,
        34,
        39,
        39,
        39,
        46,
        49,
        52,
        53,
        60,
        66,
        71,
        73,
        68,
        74,
        77,
        89,
        80.5,
        78,
        77.5,
        96,
        100,
        123.5,
        124.5,
        132,
        122,
        130.5,
        135,
        159,
        158.5,
        169,
        176.5,
        175,
        188,
        211,
        214.5,
        213.5,
        214,
        213,
        212.5,
        206,
        218,
        216.5,
        214,
        216.5,
        217,
        210,
        216.5,
        216,
        218,
        216,
        219,
        211,
        212,
        211,
        213,
        218,
        216,
        213,
        218,
        214,
        215,
        218,
        219,
        217,
        217,
        217,
        210,
        217,
        217,
        219,
        214,
        217,
        215,
        214,
        219,
        219.5,
        218,
        216,
        217,
        220
      ]
    },
    {
      "bot": "greedy",
      "runs": 12,
      "survivedFullPct": 25,
      "winPct": 0,
      "survivalMsMedian": 542533.3333332482,
      "survivalMsMin": 39483.333333333314,
      "survivalMsMax": 1260000,
      "levelAt5minMedian": 16,
      "peakEnemiesMedian": 82,
      "minHpPctMedian": 0.5860321952163448,
      "bucketSec": 10,