{
  "aggregates": [
    {
      "bot": "kite",
      "runs": 12,
      "survivedFullPct": 50,
      "winPct": 50,
      "survivalMsMedian": 1070958.333332838,
      "survivalMsMin": 215966.66666663252,
      "survivalMsMax": 1202333.3333330727,
      "levelAt5minMedian": 13,
      "peakEnemiesMedian": 139,
      "minHpPctMedian": 17.46024850249259,
      "bucketSec": 10,
      "hpPctCurve": [
        100,
        100,
        100,
        100,
        100,
        99.18396041666668,
        98.95473611111099,
        98.39909843750009,
        97.34205815972216,
        97.02912994791691,
        96.49793952809354,
        94.98010112847257,
        94.32655034722225,
        93.78457054924243,
        93.78457054924243,
        93.78457054924243,
        91.60963096590908,
        91.60963096590908,
        91.60963096590908,
        91.5829781881313,
        90.30047074652765,
        90.30047074652765,
        91.13639930555554,
        91.13639930555554,
        91.13639930555554,
        91.13639930555554,
        91.13639930555554,
        91.13639930555554,
        91.13639930555554,
        91.13639930555554,
        89.46454218749975,
        75.7133386363634,
        75.7133386363634,
        75.7133386363634,
        75.7133386363634,
        75.7133386363634,
        75.7133386363634,
        75.7133386363634,
        75.7133386363634,
        75.7133386363634,
        75.7133386363634,
        75.7133386363634,
        75.7133386363634,
        75.7133386363634,
        75.7133386363634,
        75.7133386363634,
        75.7133386363634,
        75.7133386363634,
        75.7133386363634,
        75.7133386363634,
        75.7133386363634,
        75.7133386363634,
        75.7133386363634,
        75.7133386363634,
        75.7133386363634,
        75.7133386363634,
        75.93366532512584,
        75.86361975220916,
        75.86361975220916,
        75.86361975220916,
        75.64344469433877,
        75.64344469433877,
        75.64344469433877,
        75.61871769781098,
        76.01390086805492,
        76.01390086805492,
        76.01390086805492,
        79.9693362847216,
        79.65463663194387,
        79.46957239583278,
        79.44299644097168,
        79.44299644097168,
        79.44299644097168,
        79.44299644097168,
        79.16416397569395,
        79.13636796874951,
        79.08016484374953,
        79.08016484374953,
        78.99418914930511,
        78.99418914930511,
        78.97518930063185,
        74.96357310519667,
        71.20431592720163,
        71.14010182749927,
        69.36036497234124,
        68.22053938950441,
        67.93485139347278,
        67.91265831311566,
        67.77420537412763,
        67.500697065596,
        74.80494253472199,
        74.80494253472199,
        74.80494253472199,
        74.80494253472199,
        74.80494253472199,
        78.10095850694432,
        78.10095850694432,
        78.10095850694432,
        78.10095850694432,
        78.10095850694432,
        78.10095850694432,
        78.10095850694432,
        78.10095850694432,
        78.10095850694432,
        78.10095850694432,
        78.10095850694432,
        78.02908524305548,
        78.02908524305548,
        78.02908524305548,
        77.99205442708327,
        77.99205442708327,
        77.99205442708327,
        77.99205442708327,
        77.99205442708327,
        77.99205442708327,
        77.99205442708327,
        77.99205442708327,
        77.99205442708327,
        77.89748137257835,
        74.6611960069443,
        63.773690798611,
        52.88618559027771
      ],
      "enemiesCurve": [
        0,
        0,
        3,
        1,
        4,
        1,
        2.5,
        4,
        1,
        3,
        4,
        0,
        2.5,
        4,
        4.5,
        1,
        1.5,
        3,
        4,
        7,
        5.5,
        6,
        5,
        4,
        5,
        7,
        6,
        6,
        5,
        8,
        7,
        7,
        7,
        8,
        8,
        12,
        11,
        13,
        11,
        12,
        11,
        11,
        10,
        11,
        13,
        12,
        14,
        13,
        12,
        10,
        14,
        15,
        17,
        21,
        26,
        31,
        26,
        27.5,
        28.5,
        25.5,
        31.5,
        35,
        30.5,
        37,
        27,
        33,
        49,
        59,
        54.5,
        44.5,
        52.5,
        61.5,
        65,
        70.5,
        65.5,
        63.5,
        70.5,
        74.5,
        92.5,
        99.5,
        90,
        109.5,
        106.5,
        123,
        108.5,
        94.5,
        103,
        116.5,
        120,
        115.5,
        99,
        103,
        115,
        117,
        122,
        93.5,
        100,
        96,
        106.5,
        121.5,
        116.5,
        109.5,
        97,
        95.5,
        107,
        122,
        121.5,
        116,
        103,
        101,
        108.5,
        117.5,
        118,
        119,
        109,
        109,
        99.5,
        118.5,
        135.5,
        121,
        126,
        122
      ]
    },
    {
      "bot": "greedy",
      "runs": 12,
      "survivedFullPct": 8.333333333333332,
      "winPct": 8.333333333333332,
      "survivalMsMedian": 593400.0000000832,
      "survivalMsMin": 26616.666666667174,
      "survivalMsMax": 1200816.666666399,
      "levelAt5minMedian": 19,
      "peakEnemiesMedian": 39,
      "minHpPctMedian": 0.3836382089162138,
      "bucketSec": 10,