{
  "aggregates": [
    {
      "bot": "kite",
      "runs": 12,
      "survivedFullPct": 83.33333333333334,
      "survivalMsMedian": 600000,
      "survivalMsMin": 213783.33333330046,
      "survivalMsMax": 600000,
      "levelAt5minMedian": 19,
      "peakEnemiesMedian": 179.5,
      "bucketSec": 10,
      "hpPctCurve": [
        100,
        100,
        100,
        100,
        100,
        100,
        100,
        99.1979166666667,
        98.29166666666677,
        97.20833333333339,
        96.32986111111126,
        93.58005401234604,
        93.30555555555577,
        90.94097222222268,
        90.94097222222268,
        91.14220036008288,
        91.94662530006912,
        88.39699074074154,
        86.01265378515163,
        83.24274209105033,
        78.33220807613284,
        71.36310978223707,
        71.8851005229779,
        73.08333422639586,
        74.39988515232167,
        73.63310274491425,
        69.14975655150033,
        69.14975655150033,
        69.14975655150033,
        69.14975655150033,
        69.14975655150033,
        66.83114622628315,
        59.95903974480105,
        62.42556334305258,
        62.42556334305258,
        66.11874380811095,
        66.63253312066755,
        66.63253312066755,
        66.63253312066755,
        66.63253312066755,
        66.63253312066755,
        69.11612721300764,
        69.11612721300764,
        69.11612721300764,
        69.11612721300764,
        69.11612721300764,
        69.11612721300764,
        69.11612721300764,
        69.11612721300764,
        69.11612721300764,
        69.11612721300764,
        69.11612721300764,
        69.11612721300764,
        69.11612721300764,
        69.11612721300764,
        72.1937776005563,
        74.26343934417304,
        74.26343934417304,
        66.14584573696477,
        31.53409767470799
      ],
      "enemiesCurve": [
        0,
        1.5,
        2,
        2,
        3,
        3.5,
        5,
        5,
        6,
        7,
        9,
        11,
        12,
        13.5,
        13,
        22.5,
        31,
        37.5,
        44,
        47.5,
        49,
        53.5,
        36,
        30.5,
        35.5,
        34,
        31.5,
        35,
        37,
        32.5,
        33,
        46.5,
        44.5,
        40,
        39.5,
        43,
        47.5,
        44.5,
        49,
        46,
        57,
        76.5,
        85,
        86,
        98,
        82,
        89,
        74.5,
        88.5,
        116,
        107.5,
        97.5,
        98,
        104.5,
        116,
        131.5,
        133.5,
        128.5,
        124,
        54.5
      ]
    },
    {
      "bot": "greedy",
      "runs": 12,
      "survivedFullPct": 0,
      "survivalMsMedian": 75416.66666666573,
      "survivalMsMin": 53199.999999997985,
      "survivalMsMax": 110600.0000000093,
      "levelAt5minMedian": 5,
      "peakEnemiesMedian": 6,
      "bucketSec": 10,
      "hpPctCurve": [
        100,
        98.2881944444444,
        83.73611111111185,
        72.50000000000094,
        53.76388888889085,
        41.33333333333533,
        29.604166666668547,
        11.9369212962972,
        0,
        0,
        0,
        0
      ],
      "enemiesCurve": [
        0,
        1,
        1,
        1.5,
        2,
        2,
        2.5,
        3.5,
        0,
        0,
        0,
        0
      ]
    },
    {
      "bot": "idle",
      "runs": 12,
      "survivedFullPct": 0,
      "survivalMsMedian": 108491.66666667536,
      "survivalMsMin": 80533.33333333388,
      "survivalMsMax": 130833.33333334852,
      "levelAt5minMedian": 4,
      "peakEnemiesMedian": 10,
      "bucketSec": 10,
      "hpPctCurve": [
        100,
        100,
        100,
        100,
        100,
        100,
        99.93055555555557,
        98.58796296296282,
        74.66030092592622,
        64.16377314814935,
        48.73842592592743,
        0,
        0,
        0
      ],
      "enemiesCurve": [
        0,
        0.5,
        1,
        1.5,
        1,
        2,
        3.5,
        4,
        4,
        3.5,
        5,
        0,
        0,
        0
      ]
    }
  ]
}