{
  "aggregates": [
    {
      "bot": "kite",
      "runs": 12,
      "survivedFullPct": 58.333333333333336,
      "winPct": 58.333333333333336,
      "survivalMsMedian": 1205499.9999997541,
      "survivalMsMin": 309699.99999999435,
      "survivalMsMax": 1214866.6666664644,
      "levelAt5minMedian": 13,
      "peakEnemiesMedian": 220,
      "minHpPctMedian": 6.612431634359953,
      "bucketSec": 10,
      "hpPctCurve": [
        100,
        100,
        100,
        100,
        100,
        99.51434340277774,
        98.89686954089505,
        97.58260640432084,
        96.13684268904296,
        93.2579816358024,
        93.6372436342591,
        93.51377712191342,
        92.94187949459882,
        89.2897607586277,
        89.2897607586277,
        86.71782806712986,
        86.71782806712986,
        86.71782806712986,
        86.71782806712986,
        83.08033161651221,
        82.97692631172836,
        79.64564078282842,
        78.63958456088679,
        79.3315977746218,
        78.02412825827801,
        76.66312299733534,
        76.49208448723437,
        77.79955400357818,
        81.20864491266909,
        81.14389527392001,
        82.53484696356003,
        81.14389527392001,
        76.04571978874536,
        74.85561157407435,
        58.23271467101511,
        65.08795726886956,
        61.251668032758175,
        60.18064148954825,
        72.54098001543173,
        72.54098001543173,
        72.54098001543173,
        72.54098001543173,
        72.54098001543173,
        72.54098001543173,
        72.54098001543173,
        72.54098001543173,
        72.54098001543173,
        80.04098001543173,
        80.04098001543173,
        94.77468203914079,
        94.77468203914079,
        95.04098001543171,
        97.42048812915411,
        97.42048812915411,
        97.42048812915411,
        97.42048812915411,
        97.42048812915411,
        97.42048812915411,
        97.42048812915411,
        100,
        100,
        91.9560255401229,
        93.47216548119799,
        90.39958414117706,
        95.41960527789297,
        96.35848436184747,
        97.94775547544813,
        99.91800909066008,
        99.80830942841884,
        100,
        100,
        99.5100013206316,
        99.47532422245975,
        100,
        100,
        99.5125993589745,
        100,
        100,
        100,
        100,
        100,
        100,
        100,
        100,
        100,
        100,
        100,
        100,
        100,
        100,
        100,
        96.94743042200912,
        95.15682730887977,
        99.6435185185185,
        100,
        100,
        100,
        100,
        100,
        100,
        100,
        100,
        100,
        100,
        100,
        100,
        100,
        100,
        100,
        100,
        100,
        100,
        100,
        100,
        100,
        100,
        100,
        100,
        100,
        100,
        100,
        100,
        78.222307512128
      ],
      "enemiesCurve": [
        0,
        2,
        6,
        4.5,
        7.5,
        9,
        6.5,
        8,
        10.5,
        6.5,
        6,
        8,
        10.5,
        8.5,
        6.5,
        5.5,
        6.5,
        8,
        4,
        10,
        12.5,
        13,
        12,
        13.5,
        14,
        10,
        7.5,
        14.5,
        18,
        15,
        12.5,
        18.5,
        18,
        17,
        17,
        26,
        31,
        27,
        29,
        26,
        28,
        29,
        22,
        31,
        35,
        33,
        28,
        32,
        34,
        33,
        32,
        46,
        45,
        44,
        43,
        57,
        67,
        63,
        56,
        62,
        70,
        75,
        79,
        80,
        77,
        77.5,
        77.5,
        114.5,
        126.5,
        127.5,
        132.5,
        136.5,
        134,
        150,
        160.5,
        167.5,
        163.5,
        162,
        169,
        198,
        211.5,
        216,
        215.5,
        212.5,
        209,
        210,
        216,
        213,
        213.5,
        215,
        209.5,
        216.5,
        219,
        218,
        209,
        213,
        212,
        218,
        215,
        217,
        216,
        215,
        210,
        218,
        212,
        219,
        218,
        218,
        213,
        215,
        218,
        220,
        217,
        215,
        216,
        205,
        217,
        217,
        219,
        219,
        219,
        216,
        211
      ]
    },
    {
      "bot": "greedy",
      "runs": 12,
      "survivedFullPct": 25,
      "winPct": 25,
      "survivalMsMedian": 316983.33333333617,
      "survivalMsMin": 36083.33333333381,
      "survivalMsMax": 1219599.9999998198,
      "levelAt5minMedian": 16,
      "peakEnemiesMedian": 29,
      "minHpPctMedian": 0.602454145080354,
      "bucketSec": 10,
      "hpPctCurve": [
        100,
        98.80185555555545,
        98.45829897762349,
        87.89603028549335,
        78.5015917824064,
        76.80107692901132,
        70.19581662808551,
        65.96416035879564,
        70.19581662808551,
        79.27998656004537,
        82.61991404321037,
        82.57563598484899,
        80.53884530022482,
        86.49241997521491,
        86.35060806999373,
        86.35060806999373,
        86.22966748357398,
        89.63875839266488,
        87.92530169022402,
        87.92530169022402,
        87.92530169022402,
        87.92530169022402,
        87.92530169022402,
        88.06940998819138,
        88.06940998819138,
        88.06940998819138,
        88.06940998819138,
        88.06940998819138,
        88.06940998819138,
        91.20810679713838,
        91.20810679713838,
        87.70929427960237,
        84.18609615249704,
        87.6795176913821,
        87.6795176913821,
        84.9006997404601,
        84.9006997404601,
        84.9006997404601,
        84.9006997404601,
        92.22026401164416,
        92.22026401164416,
        95.62935492073507,
        95.62935492073507,
        99.03844582982597,
        99.03844582982597,
        100,
        100,
        100,
        99.94061091820987,
        99.94061091820987,
        100,
        100,
        100,
        99.56937044051611,
        99.04814204545426,
        98.80760613075165,
        100,
        100,
        100,
        100,
        99.03724611441797,
        87.67916018318058,
        89.2044575588053,
        94.46167613636334,
        100,
        100,
        100,
        100,
        100,
        100,
        100,
        100,
        100,
        100,
        100,
        100,
        100,
        100,
        100,
        100,
        100,
        100,
        99.80273616622584,
        98.56564649470963,
        100,
        100,
        99.33752279741891,
        100,
        100,
        100,
        99.46488243312784,
        99.92485601851855,
        100,
        100,
        100,
        99.57604173096732,
        100,
        100,
        99.89951967592599,
        100,
        100,
        100,
        99.30719955632763,
        99.69655164609075,
        100,
        99.91533796296304,
        100,
        100,
        100,
        99.89045235339512,
        98.06206905864306,
        99.5747626671813,
        99.68313599537052,
        100,
        99.71583140432111,
        98.09497968107063,
        99.84668981481488,
        99.45889824459893,
        100,
        98.39446855709915,
        97.71511992026805,
        84.93241459619705
      ],