{
  "aggregates": [
    {
      "bot": "kite",
      "runs": 12,
      "survivedFullPct": 25,
      "winPct": 25,
      "survivalMsMedian": 543408.333333533,
      "survivalMsMin": 197299.99999997672,
      "survivalMsMax": 633099.9999999908,
      "levelAt5minMedian": 14,
      "peakEnemiesMedian": 62,
      "minHpPctMedian": 2.0984724326390936,
      "bucketSec": 10,
      "hpPctCurve": [
        100,
        100,
        100,
        100,
        100,
        100,
        100,
        100,
        100,
        100,
        100,
        100,
        100,
        100,
        100,
        100,
        98.07073177083332,
        98.07073177083332,
        97.72204354745368,
        95.66104187069682,
        93.54973240740736,
        93.54973240740736,
        93.54973240740736,
        93.54973240740736,
        93.28821042874962,
        93.28821042874962,
        92.74373319109534,
        91.78087835701167,
        91.40232994528589,
        91.40232994528589,
        91.30349187710408,
        77.92068011714318,
        80.36727502455055,
        80.36727502455055,
        80.36727502455055,
        80.36727502455055,
        81.03141639309723,
        76.4339893623729,
        75.59471521464553,
        75.59471521464553,
        75.22391881313033,
        84.83585858585803,
        82.38478727903745,
        77.86213748245957,
        59.150179043902774,
        58.30849187710121,
        55.749570615877154,
        67.01953371211812,
        81.1280069795159,
        81.1280069795159,
        81.1280069795159,
        81.1280069795159,
        78.5479238069326,
        77.03716393681884,
        76.07427427632464,
        64.99907421260873,
        73.32162706403498,
        92.52394591049149,
        92.52394591049149,
        91.1429411265406,
        90.68025362654052,
        89.97114448302193,
        89.64534143518239,
        88.98817824073791
      ],
      "enemiesCurve": [
        0,
        1,
        0.5,
        0,
        1,
        1,
        2,
        2,
        1,
        2,
        1,
        2.5,
        3,
        2,
        3,
        4,
        3,
        2.5,
        2,
        7,
        8,
        8,
        6,
        6,
        5,
        5,
        5,
        6.5,
        7,
        9,
        7,
        8.5,
        7.5,
        7,
        7,
        14,
        15.5,
        15,
        13.5,
        15.5,
        15,
        15,
        15,
        23,
        22,
        25,
        23,
        25,
        23,
        21,
        23,
        34,
        33,
        35,
        36,
        61,
        65,
        57,
        62,
        63,
        59,
        81,
        78,
        84
      ]
    },
    {
      "bot": "greedy",
      "runs": 12,
      "survivedFullPct": 0,
      "winPct": 0,
      "survivalMsMedian": 507908.3333335353,
      "survivalMsMin": 166799.99999999447,
      "survivalMsMax": 556283.333333503,
      "levelAt5minMedian": 19,
      "peakEnemiesMedian": 40,
      "minHpPctMedian": 0.4784986184272789,
      "bucketSec": 10,
      "hpPctCurve": [
        100,
        98.82437499999988,
        97.22093402777755,
        93.72931249999982,
        93.22364583333322,
        92.20116666666681,
        88.56233101851893,
        89.19250439814867,
        89.02643432239108,
        89.02643432239108,
        89.02643432239108,
        89.02643432239108,
        88.61840654461326,
        88.61840654461326,
        88.61840654461326,
        87.95929320344706,
        89.0050326602252,
        89.73389881453443,
        89.73389881453443,
        88.27616650591597,
        86.01423013117363,
        86.01423013117363,
        86.01423013117363,
        86.01423013117363,
        84.13349909979495,
        81.7669288837459,
        79.70365383873586,
        79.70365383873586,
        79.18282661394173,
        78.2970363425921,
        76.69765416666723,
        78.14341304012558,
        78.91015335648387,
        81.84935601851996,
        79.83004998071115,
        78.27418449717155,
        77.60945192579803,
        78.51687592592565,
        76.59178495370313,
        76.14641342592527,
        77.04158827949492,
        75.4266143097615,
        74.00139143518415,
        69.94130667438075,
        63.126254964435624,
        57.36097134026491,
        55.86109375835565,
        50.39419712373845,
        48.73133049268374,
        45.88161271908166,
        39.289618198216345,
        37.445819216460734,
        31.127966589291926,
        19.968680745517958,
        10.042800373513622,
        6.3708147446543615
      ],
      "enemiesCurve": [
        0,
        1,
        0,
        0,
        1,
        1,
        1,
        1,
        1,
        1,
        1,
        1,
        1,
        2,
        1,
        0,
        1,
        1,
        1,
        5,
        6,
        4,
        5,
        5,
        4,
        5,
        3,
        7,
        7,
        6,
        7,
        7,
        6,
        6.5,
        7,
        14.5,
        14,
        14,
        11,
        15,
        12,
        14,
        15,
        22,
        22,
        20,
        23,
        23,
        21,
        20,
        23.5,
        32,
        31,
        30,
        35,
        71
      ]
    },
    {
      "bot": "idle",
      "runs": 12,
      "survivedFullPct": 8.333333333333332,
      "winPct": 8.333333333333332,
      "survivalMsMedian": 247541.66666664954,
      "survivalMsMin": 110016.6666666758,
      "survivalMsMax": 632266.6666666594,
      "levelAt5minMedian": 8.5,
      "peakEnemiesMedian": 10,
      "minHpPctMedian": 0.5643939236071496,
      "bucketSec": 10,
      "hpPctCurve": [
        100,
        100,
        100,
        100,
        100,
        100,
        100,
        99.9603263888889,
        99.90544212962965,
        96.47521851851863,
        96.16727638888898,
        77.31124259259325,
        77.8679601851842,
        68.53846022376356,
        74.58557638888874,
        74.58557638888874,
        74.58557638888874,
        63.56714711700459,
        63.56714711700459,
        63.30500850869933,
        50.49508051697453,
        50.30443314043134,
        48.49916844135748,
        46.25981298225277,
        45.9966773726849,
        44.92652523148131,
        44.252564641203655,
        43.603451408179055,
        42.50657953317922,
        40.709371373457195,
        31.370398804013384,
        48.9278967978401,
        48.9278967978401,
        48.9278967978401,
        48.9278967978401,
        48.9278967978401,
        48.80093762275591,
        48.80093762275591,
        48.73292362864816,
        48.73292362864816,
        48.73292362864816,
        48.73292362864816,
        48.73292362864816,
        48.434267624158736,
        48.434267624158736,
        46.17478208473117,
        39.95577243966774,
        35.68518808921758,
        31.8678463033017,
        31.007403752796375,
        37.33169893903794,
        36.82258593398725,
        34.8365382172357,
        32.42075924697667,
        46.788256295594785,
        46.04456749789536,
        45.67721375210401,
        41.622485532406216,
        38.58536400462786,
        38.58536400462786,
        38.58536400462786,
        37.93248900462782,
        37.93248900462782
      ],