{
  "aggregates": [
    {
      "bot": "kite",
      "runs": 12,
      "survivedFullPct": 8.333333333333332,
      "survivalMsMedian": 540825.0000002056,
      "survivalMsMin": 310049.99999999476,
      "survivalMsMax": 660000,
      "levelAt5minMedian": 15,
      "peakEnemiesMedian": 58,
      "bucketSec": 10,
      "hpPctCurve": [
        100,
        100,
        100,
        100,
        100,
        100,
        100,
        100,
        100,
        100,
        100,
        100,
        100,
        98.94026666666667,
        98.94026666666667,
        98.94026666666667,
        98.94026666666667,
        98.83762604166667,
        98.83762604166667,
        98.24410572916673,
        97.21490520833345,
        96.96611354166677,
        96.8458479166668,
        96.8458479166668,
        96.44881093750027,
        95.91886197916696,
        95.7825703125003,
        95.7825703125003,
        95.12054663825796,
        93.60951661021306,
        93.10390897132419,
        69.27514016790478,
        68.85559258207078,
        68.85559258207078,
        68.85559258207078,
        68.85559258207078,
        68.74754744318189,
        68.74754744318189,
        71.50370080492414,
        74.2598541666664,
        74.2598541666664,
        74.2598541666664,
        74.2598541666664,
        72.64916715593242,
        68.83102493686798,
        69.72038090277641,
        69.29806111110966,
        69.29806111110966,
        69.29806111110966,
        69.29806111110966,
        69.29806111110966,
        68.84105694444285,
        64.3529240214635,
        61.74307774621008,
        61.66369895833127,
        69.77743469328246,
        59.78078386994689,
        70.52899436552849,
        66.978028535351,
        50.590090119944215,
        86.34029965277809,
        82.66726770833333,
        74.60050069444387,
        20.010634027775033,
        1.7363270833304116,
        1.7363270833304116
      ],
      "enemiesCurve": [
        0,
        1,
        1,
        0,
        1,
        1,
        1,
        1,
        1.5,
        2,
        1,
        2,
        2,
        2,
        2,
        2,
        2,
        2,
        2,
        7.5,
        7,
        7,
        5,
        6,
        6,
        6,
        5,
        8,
        8,
        6.5,
        7.5,
        9,
        6,
        7,
        6,
        16,
        13,
        13,
        16,
        15,
        15,
        15,
        14,
        22,
        24,
        21,
        20,
        20,
        22,
        22,
        22,
        36,
        33,
        36,
        38,
        66,
        68,
        58.5,
        60.5,
        58.5,
        54,
        93,
        86,
        80,
        89,
        89
      ]
    },
    {
      "bot": "greedy",
      "runs": 12,
      "survivedFullPct": 0,
      "survivalMsMedian": 427466.6666667981,
      "survivalMsMin": 216549.9999999655,
      "survivalMsMax": 600866.6666667325,
      "levelAt5minMedian": 19,
      "peakEnemiesMedian": 24.5,
      "bucketSec": 10,
      "hpPctCurve": [
        100,
        99.222361111111,
        96.75806249999994,
        94.86040277777741,
        92.73769160353521,
        92.44309090909066,
        91.91566458333322,
        89.49240416666612,
        87.56728194444405,
        87.24569027777741,
        86.01258541666618,
        85.56522777777721,
        82.62955277777733,
        81.42508142361055,
        81.25755301451963,
        81.25755301451963,
        81.21609676451963,
        80.7940462436863,
        79.08033218118638,
        77.40464858743647,
        74.70560885416648,
        72.17988159722206,
        71.08552465277818,
        70.28104652777827,
        70.28104652777827,
        70.28104652777827,
        70.28104652777827,
        70.08135069444496,
        77.56081003747468,
        75.82742201967747,
        81.57349334490998,
        80.94866183845136,
        80.87787810829262,
        80.85992919956247,
        80.85992919956247,
        80.0470889217847,
        78.3259141414141,
        76.8309634009511,
        72.26846111093738,
        70.70777465277796,
        69.01456123737103,
        63.85253819444071,
        64.92138516413915,
        58.975151057445814,
        67.71738229166611,
        58.39246458333063,
        58.25085486110837,
        58.17153402777501,
        51.07265227271899,
        53.8614552083293,
        53.709238888884805,
        52.015532986106486,
        68.0028708648947,
        66.85114580702395,
        59.85015020516984,
        54.14667925609422,
        63.16677107006572,
        55.75081852376778,
        42.209901478715054,
        25.53996451290027,
        9.596604737257124
      ],
      "enemiesCurve": [
        0,
        1,
        0,
        0,
        1,
        1,
        1,
        1,
        1,
        1,
        0.5,
        1,
        1,
        2,
        1,
        1,
        1,
        1.5,
        1.5,
        5.5,
        5.5,
        5,
        5,
        5,
        5,
        4,
        5,
        7,
        7,
        6.5,
        7,
        6,
        6,
        6.5,
        9.5,
        13,
        13,
        14.5,
        13.5,
        13,
        13,
        16,
        17.5,
        21,
        21,
        22,
        20,
        22,
        22,
        23,
        21,
        33,
        34,
        35.5,
        47.5,
        63,
        65,
        70,
        69,
        66,
        71
      ]
    },
    {
      "bot": "idle",
      "runs": 12,
      "survivedFullPct": 0,
      "survivalMsMedian": 303558.33333332057,
      "survivalMsMin": 134133.33333334682,
      "survivalMsMax": 620533.3333333534,
      "levelAt5minMedian": 10,
      "peakEnemiesMedian": 13,
      "bucketSec": 10,
      "hpPctCurve": [
        100,
        100,
        100,
        100,
        100,
        100,
        100,
        100,
        100,
        99.57943680555556,
        99.57943680555556,
        96.46995277777776,
        79.93684999999905,
        75.10333003472178,
        73.41979340277788,
        72.21657968749822,
        72.21657968749822,
        72.21657968749822,
        72.21657968749822,
        67.79691770833077,
        61.451083333332406,
        53.264334374999756,
        52.542615624999826,
        52.542615624999826,
        52.37046979166651,
        51.48604774305637,
        49.602274826389944,
        49.602274826389944,
        49.602274826389944,
        49.488144775884905,
        49.82686142676831,
        63.49565937500128,
        63.49565937500128,
        63.14085034722352,
        63.14085034722352,
        62.84931215277905,
        70.3499510416674,
        65.91317708333384,
        63.76412465277797,
        63.76412465277797,
        63.29957951388899,
        62.76889201388891,
        62.52727569444443,
        61.34289895833306,
        53.969610069442496,
        50.235232638886075,
        45.447914930551505,
        36.944832291660425,
        36.16514027777132,
        32.049293749992316,
        29.259612152769222,
        14.495435416653276,
        52.35539997105937,
        52.25993324652231,
        50.52132294559583,
        46.799577980316904,
        78.11518084490136,
        69.31598553239935,
        58.04989467591572,
        38.895464409709014,
        27.220252604151934,
        25.4497294560036,
        9.389275485204749
      ],