{
  "aggregates": [
    {
      "bot": "kite",
      "runs": 12,
      "survivedFullPct": 41.66666666666667,
      "winPct": 41.66666666666667,
      "survivalMsMedian": 1018083.3333327284,
      "survivalMsMin": 110433.33333334258,
      "survivalMsMax": 1202416.6666664064,
      "levelAt5minMedian": 13,
      "peakEnemiesMedian": 122,
      "minHpPctMedian": 0.9108304325244989,
      "bucketSec": 10,
      "hpPctCurve": [
        100,
        100,
        100,
        100,
        99.8792291666667,
        99.29433854166662,
        97.7857376736113,
        96.35522083333325,
        95.31240451388925,
        92.71800208333346,
        92.63001597222234,
        92.11238587436881,
        94.20173055555556,
        94.20173055555556,
        94.20173055555556,
        94.20173055555556,
        94.20173055555556,
        94.20173055555556,
        94.20173055555556,
        94.20173055555556,
        92.71998813131306,
        92.71998813131306,
        92.71998813131306,
        91.36215523989877,
        89.57213945707065,
        89.57213945707065,
        89.57213945707065,
        89.4463745265154,
        89.4463745265154,
        89.4463745265154,
        86.61507765151585,
        54.079918749999564,
        51.642571148990626,
        51.642571148990626,
        51.642571148990626,
        51.642571148990626,
        51.44927569444518,
        51.40977853535426,
        51.40977853535426,
        51.40977853535426,
        49.314874999998274,
        49.314874999998274,
        49.314874999998274,
        49.314874999998274,
        49.314874999998274,
        49.314874999998274,
        49.314874999998274,
        49.314874999998274,
        49.314874999998274,
        49.314874999998274,
        49.314874999998274,
        49.279979687495306,
        45.3543586566785,
        45.3543586566785,
        45.3543586566785,
        44.979324976122825,
        44.452695995004404,
        49.314874999998274,
        49.314874999998274,
        49.314874999998274,
        49.314874999998274,
        48.97043229166494,
        48.97043229166494,
        48.97043229166494,
        48.97043229166494,
        48.97043229166494,
        48.97043229166494,
        48.97043229166494,
        50.793176322114306,
        50.793176322114306,
        50.793176322114306,
        50.77130826655875,
        50.77130826655875,
        50.45631116007733,
        51.94219002848972,
        51.94219002848972,
        51.94219002848972,
        51.94219002848972,
        51.94219002848972,
        51.94219002848972,
        51.94219002848972,
        51.94219002848972,
        51.94219002848972,
        51.780308084045345,
        51.780308084045345,
        51.573326023860254,
        51.573326023860254,
        51.573326023860254,
        51.573326023860254,
        48.8233260238602,
        53.72173547708082,
        53.72173547708082,
        53.72173547708082,
        53.72173547708082,
        53.72173547708082,
        53.57494381778967,
        52.85179150742688,
        52.17652955497002,
        51.178738556038994,
        49.86171919172358,
        49.22375151010007,
        48.414183134032214,
        48.354745967899774,
        47.892093857857375,
        46.52788147257776,
        46.52788147257776,
        46.52788147257776,
        46.52788147257776,
        46.52788147257776,
        46.52788147257776,
        46.52788147257776,
        46.52788147257776,
        46.52788147257776,
        46.52788147257776,
        48.8233260238602,
        48.8233260238602,
        48.8233260238602,
        48.8233260238602,
        48.8233260238602,
        48.8233260238602,
        51.40061413181691,
        44.06456990740647
      ],
      "enemiesCurve": [
        0,
        0,
        2.5,
        1,
        4.5,
        0,
        3,
        6.5,
        1,
        3,
        5,
        0,
        1,
        2,
        3,
        0,
        0,
        2,
        2,
        6,
        7,
        6,
        5,
        4,
        7,
        7,
        6,
        8,
        5,
        8,
        8,
        8,
        7,
        7,
        6,
        14,
        14,
        12,
        12,
        13,
        11,
        13,
        12,
        12,
        12,
        14,
        14,
        17,
        13,
        14,
        14,
        25,
        20,
        20,
        22,
        31,
        33,
        30,
        30,
        31,
        32,
        38,
        36,
        37,
        35,
        29,
        30,
        60,
        56.5,
        55,
        58,
        61.5,
        61,
        80.5,
        75,
        71,
        71,
        77,
        82,
        98,
        93,
        105,
        111,
        116,
        125,
        124,
        118,
        127,
        131,
        128,
        126,
        109,
        123,
        116.5,
        118.5,
        117.5,
        109,
        109.5,
        113.5,
        122.5,
        124,
        120,
        105,
        103,
        116,
        119.5,
        117.5,
        121.5,
        107,
        113.5,
        116,
        136.5,
        131,
        127,
        121,
        106,
        114,
        129,
        129,
        133,
        129.5,
        112
      ]
    },
    {
      "bot": "greedy",
      "runs": 12,
      "survivedFullPct": 16.666666666666664,
      "winPct": 16.666666666666664,
      "survivalMsMedian": 670716.6666665699,
      "survivalMsMin": 27750.00000000059,
      "survivalMsMax": 1203266.6666664104,
      "levelAt5minMedian": 18,
      "peakEnemiesMedian": 66.5,
      "minHpPctMedian": 0.25858948863710063,
      "bucketSec": 10,