{
  "aggregates": [
    {
      "bot": "kite",
      "runs": 12,
      "survivedFullPct": 33.33333333333333,
      "winPct": 33.33333333333333,
      "survivalMsMedian": 794974.999999614,
      "survivalMsMin": 577466.666666787,
      "survivalMsMax": 1203583.3333330785,
      "levelAt5minMedian": 13.5,
      "peakEnemiesMedian": 121,
      "minHpPctMedian": 0.6958775104764658,
      "bucketSec": 10,
      "hpPctCurve": [
        100,
        100,
        100,
        100,
        100,
        99.57808541666667,
        99.40858194444444,
        99.07911666666665,
        98.77048645833335,
        98.46518489583337,
        98.46518489583337,
        96.31583953598465,
        96.21760220959592,
        95.89541470959585,
        95.58090498737357,
        95.58090498737357,
        94.921450441919,
        94.89359905303012,
        94.89359905303012,
        94.49232587594688,
        94.0823729166668,
        94.06573125000014,
        94.06573125000014,
        93.9731205729167,
        93.9731205729167,
        93.9731205729167,
        93.9731205729167,
        93.9731205729167,
        93.9731205729167,
        93.9731205729167,
        91.37765077335855,
        88.35277230902747,
        87.07086116635111,
        87.01928694760113,
        87.01928694760113,
        86.49626976010109,
        85.78713911774003,
        85.78713911774003,
        85.78713911774003,
        85.78713911774003,
        85.78713911774003,
        85.78713911774003,
        85.78713911774003,
        85.78713911774003,
        85.78713911774003,
        85.78713911774003,
        85.78713911774003,
        85.78713911774003,
        84.64918032407334,
        84.52568784722145,
        83.5700460648138,
        82.22008259548475,
        81.59397629044874,
        81.59397629044874,
        81.59397629044874,
        81.59397629044874,
        80.65554218901578,
        78.44123626064103,
        77.55068275837064,
        77.25111207608992,
        79.957283989433,
        66.97884375394284,
        63.39927409481316,
        61.13735113019199,
        60.51127747901677,
        60.491814671858656,
        60.491814671858656,
        60.43234285027746,
        64.076507909423,
        73.77664703029896,
        69.74557428724394,
        82.86734531249984,
        82.29592777777766,
        81.12899851523058,
        79.26968437500055,
        75.0854145833349,
        74.18797604166848,
        73.94924062500188,
        75.45011834243829,
        72.42139652778162,
        62.05168033520435,
        62.05168033520435,
        70.83253497356743,
        70.25631994380576,
        61.8954043402842,
        59.98380208334051,
        55.37349739584242,
        55.00176302084262,
        54.42919409723177,
        54.29087100695404,
        50.571754999110595,
        45.48730902779104,
        42.56142100695862,
        42.43175781251424,
        40.78183472223735,
        38.77104496529403,
        37.90710399307232,
        37.90710399307232,
        37.90710399307232,
        37.90710399307232,
        37.90710399307232,
        37.90710399307232,
        37.90710399307232,
        37.90710399307232,
        37.90710399307232,
        37.90710399307232,
        37.90710399307232,
        42.85845733174021,
        42.698839565536616,
        41.131245005352405,
        40.61890785257492,
        39.21485692664976,
        36.23853464655864,
        36.15323105859572,
        35.293278743781286,
        34.96765843128142,
        34.21939917202243,
        31.93040970443061,
        31.171407736838233,
        29.296240259986902,
        20.11501576301272,
        11.861581850977347
      ],
      "enemiesCurve": [
        0,
        1,
        4,
        2,
        5,
        2,
        2.5,
        5,
        1,
        3,
        4,
        0,
        2.5,
        2.5,
        5.5,
        0,
        1,
        3,
        3,
        6.5,
        7,
        7.5,
        6,
        3.5,
        4.5,
        7,
        6.5,
        7.5,
        7,
        10,
        7.5,
        8.5,
        12,
        8,
        6,
        15,
        16,
        13,
        14.5,
        12,
        13,
        15.5,
        13.5,
        15,
        18,
        14.5,
        17.5,
        15,
        11,
        13.5,
        16,
        19.5,
        22,
        21.5,
        23,
        31,
        33.5,
        34,
        31,
        31,
        31.5,
        43.5,
        35.5,
        44.5,
        39,
        33.5,
        39.5,
        64,
        59,
        57,
        55,
        62,
        68,
        82,
        82,
        73,
        80,
        74,
        88.5,
        122.5,
        119,
        110.5,
        114,
        118,
        131,
        128,
        121,
        131,
        138,
        143,
        131,
        127,
        133,
        140,
        137,
        133,
        121,
        105,
        134,
        111,
        134,
        132,
        124,
        126,
        131,
        125,
        128,
        119,
        131.5,
        124.5,
        125.5,
        132,
        125,
        132,
        128.5,
        134.5,
        120.5,
        133,
        116.5,
        127,
        121,
        155
      ]
    },
    {
      "bot": "greedy",
      "runs": 12,
      "survivedFullPct": 25,
      "winPct": 25,
      "survivalMsMedian": 613483.3333333698,
      "survivalMsMin": 27666.66666666725,
      "survivalMsMax": 1202066.6666664048,
      "levelAt5minMedian": 19,
      "peakEnemiesMedian": 45,
      "minHpPctMedian": 0.44248902946927127,
      "bucketSec": 10,