{
  "aggregates": [
    {
      "bot": "kite",
      "runs": 12,
      "survivedFullPct": 100,
      "survivalMsMedian": 600000,
      "survivalMsMin": 600000,
      "survivalMsMax": 600000,
      "levelAt5minMedian": 14,
      "peakEnemiesMedian": 23,
      "bucketSec": 10,
      "hpPctCurve": [
        100,
        100,
        100,
        100,
        100,
        100,
        100,
        98.72222222222229,
        98.72222222222229,
        98.82523148148155,
        96.62615740740745,
        95.57870370370395,
        95.56134259259278,
        95.56134259259278,
        95.56134259259278,
        93.38541666666704,
        93.38541666666704,
        93.38541666666704,
        93.38541666666704,
        93.38541666666704,
        93.38541666666704,
        93.38541666666704,
        93.38541666666704,
        93.38541666666704,
        93.38541666666704,
        93.87056327160528,
        93.87056327160528,
        93.87056327160528,
        93.87056327160528,
        93.87056327160528,
        93.87056327160528,
        94.48784722222253,
        94.48784722222253,
        94.89213605967106,
        94.89213605967106,
        95.4065393518521,
        95.4065393518521,
        95.4065393518521,
        95.4065393518521,
        95.4065393518521,
        95.4065393518521,
        95.4065393518521,
        95.4065393518521,
        95.4065393518521,
        95.4065393518521,
        95.4065393518521,
        95.4065393518521,
        95.4065393518521,
        95.4065393518521,
        95.4065393518521,
        95.4065393518521,
        95.4065393518521,
        95.4065393518521,
        95.4065393518521,
        95.4065393518521,
        95.4065393518521,
        95.4065393518521,
        95.4065393518521,
        95.4065393518521,
        92.88732513860322
      ],
      "enemiesCurve": [
        0,
        5,
        7.5,
        9,
        11,
        11,
        12,
        14,
        14.5,
        15.5,
        17.5,
        18.5,
        18.5,
        20,
        19,
        18,
        16.5,
        15,
        13,
        10.5,
        11,
        10.5,
        9,
        9.5,
        9,
        8.5,
        8.5,
        7.5,
        8,
        7.5,
        7,
        8.5,
        10,
        11,
        10.5,
        9,
        7.5,
        7.5,
        7.5,
        7.5,
        7,
        8,
        6.5,
        5.5,
        5.5,
        7.5,
        6.5,
        6,
        6,
        5,
        6,
        7.5,
        5.5,
        6,
        6.5,
        6,
        5,
        5.5,
        6,
        5.5
      ]
    },
    {
      "bot": "greedy",
      "runs": 12,
      "survivedFullPct": 0,
      "survivalMsMedian": 65391.66666666295,
      "survivalMsMin": 43916.666666666,
      "survivalMsMax": 403083.3333334364,
      "levelAt5minMedian": 6.5,
      "peakEnemiesMedian": 12,
      "bucketSec": 10,
      "hpPctCurve": [
        100,
        95.5555555555555,
        79.89583333333385,
        63.84837962963124,
        48.6695601851864,
        25.885995370372036,
        11.895254629631243,
        0,
        0,
        0,
        0,
        0,
        0,
        0,
        0,
        0,
        0,
        0,
        0,
        0,
        0,
        0,
        0,
        0,
        0,
        0,
        0,
        0,
        0,
        0,
        0,
        0,
        0,
        0,
        0,
        0,
        0,
        0,
        0,
        0,
        0
      ],
      "enemiesCurve": [
        0,
        4,
        7,
        8.5,
        9.5,
        9,
        6.5,
        0,
        0,
        0,
        0,
        0,
        0,
        0,
        0,
        0,
        0,
        0,
        0,
        0,
        0,
        0,
        0,
        0,
        0,
        0,
        0,
        0,
        0,
        0,
        0,
        0,
        0,
        0,
        0,
        0,
        0,
        0,
        0,
        0,
        0
      ]
    },
    {
      "bot": "idle",
      "runs": 12,
      "survivedFullPct": 16.666666666666664,
      "survivalMsMedian": 86625.00000000233,
      "survivalMsMin": 44449.99999999926,
      "survivalMsMax": 600000,
      "levelAt5minMedian": 4.5,
      "peakEnemiesMedian": 12.5,
      "bucketSec": 10,
      "hpPctCurve": [
        100,
        100,
        100,
        100,
        98.98263888888887,
        75.55208333333405,
        39.41319444444466,
        36.92071759259356,
        31.197337962962422,
        0,
        0,
        0,
        0,
        0,
        0,
        0,
        0,
        0,
        0,
        0,
        0,
        0,
        0,
        0,
        0,
        0,
        0,
        0,
        0,
        0,
        0,
        0,
        0,
        0,
        0,
        0,
        0,
        0,
        0,
        0,
        0,
        0,
        0,
        0,
        0,
        0,
        0,
        0,
        0,
        0,
        0,
        0,
        0,
        0,
        0,
        0,
        0,
        0,
        0,
        0
      ],
      "enemiesCurve": [
        0,
        4.5,
        6,
        7,
        8,
        7,
        8,
        6.5,
        7,
        0,
        0,
        0,
        0,
        0,
        0,
        0,
        0,
        0,
        0,
        0,
        0,
        0,
        0,
        0,
        0,
        0,
        0,
        0,
        0,
        0,
        0,
        0,
        0,
        0,
        0,
        0,
        0,
        0,
        0,
        0,
        0,
        0,
        0,
        0,
        0,
        0,
        0,
        0,
        0,
        0,
        0,
        0,
        0,
        0,
        0,
        0,
        0,
        0,
        0,
        0
      ]
    }
  ]
}