{
  "aggregates": [
    {
      "bot": "kite",
      "runs": 12,
      "survivedFullPct": 25,
      "winPct": 25,
      "survivalMsMedian": 548383.3333335214,
      "survivalMsMin": 318283.3333333377,
      "survivalMsMax": 632483.3333333256,
      "levelAt5minMedian": 14.5,
      "peakEnemiesMedian": 74,
      "minHpPctMedian": 1.0710773372901963,
      "bucketSec": 10,
      "hpPctCurve": [
        100,
        100,
        100,
        100,
        100,
        100,
        100,
        100,
        100,
        100,
        100,
        99.9687212962963,
        99.9687212962963,
        99.89709398148148,
        99.7734772376543,
        99.57595216049384,
        99.57595216049384,
        98.73613506593718,
        99.57595216049384,
        98.85039201038157,
        95.63910900848781,
        94.93660273919775,
        93.98743641975341,
        93.98743641975341,
        93.98743641975341,
        93.98743641975341,
        96.49398989489816,
        96.49398989489816,
        96.49398989489816,
        96.49398989489816,
        96.49398989489816,
        95.29185038872508,
        95.29185038872508,
        96.97321736111093,
        96.97321736111093,
        89.65798466277789,
        92.91527662037001,
        90.9878722608025,
        90.9878722608025,
        90.9878722608025,
        96.97321736111093,
        96.97321736111093,
        96.97321736111093,
        90.9878722608025,
        96.97321736111093,
        96.97321736111093,
        96.07503026795624,
        95.7227254840055,
        90.76637440375701,
        90.5082341645594,
        89.33145625818045,
        87.92193722525812,
        83.77166535493814,
        90.18115740740718,
        90.12315081018494,
        89.94621956018489,
        88.91748499228333,
        96.15455937499964,
        95.46445069444397,
        95.23332210648097,
        93.01772642746843,
        90.19770625593398,
        78.04973688271457,
        96.77119452160474
      ],
      "enemiesCurve": [
        0,
        1,
        1,
        0,
        1,
        1,
        1,
        2,
        1,
        2,
        1,
        2,
        3.5,
        2.5,
        2,
        3,
        2,
        1.5,
        2,
        7.5,
        6.5,
        6,
        6,
        5.5,
        5.5,
        5.5,
        6,
        7.5,
        9,
        7.5,
        8,
        8,
        8,
        8,
        8,
        16,
        13.5,
        15,
        14,
        14,
        13,
        13,
        15,
        22,
        22,
        20,
        19,
        19,
        20,
        22,
        26,
        32,
        32,
        30.5,
        50,
        57.5,
        57.5,
        61,
        54,
        59,
        62,
        82,
        81,
        91
      ]
    },
    {
      "bot": "greedy",
      "runs": 12,
      "survivedFullPct": 8.333333333333332,
      "winPct": 8.333333333333332,
      "survivalMsMedian": 529541.6666668691,
      "survivalMsMin": 121966.66666667927,
      "survivalMsMax": 633049.9999999909,
      "levelAt5minMedian": 18,
      "peakEnemiesMedian": 57,
      "minHpPctMedian": 0.5724838301803761,
      "bucketSec": 10,
      "hpPctCurve": [
        100,
        98.82437499999988,
        95.60695138888869,
        92.87742361111097,
        90.28688888888883,
        90.0313680555555,
        89.51469398148183,
        86.13037268518498,
        84.66041249999972,
        84.66041249999972,
        84.66041249999972,
        82.83501666666643,
        82.6226254629628,
        82.16111689814798,
        82.16111689814798,
        81.33205416666637,
        88.33966701388877,
        88.33966701388877,
        88.33966701388877,
        84.68879457304479,
        80.87393013117261,
        80.50170505401289,
        80.18276743827218,
        79.512667554013,
        77.11054790557306,
        76.70149580294967,
        76.70149580294967,
        76.70149580294967,
        76.2897665122751,
        75.90042353388009,
        75.90042353388009,
        85.58534263936929,
        85.58534263936929,
        85.58534263936929,
        85.58534263936929,
        85.58534263936929,
        85.22789182918405,
        84.97014559075805,
        84.820514803721,
        82.91998351513999,
        81.46890672115828,
        79.07782369646645,
        77.55067106014923,
        73.43357313705391,
        77.21936081886142,
        76.3065768682438,
        75.60554561824365,
        74.82910688367554,
        73.18124296906609,
        69.69130737235703,
        66.70768880239719,
        56.259155726261746,
        65.52348777005602,
        64.11126560570366,
        59.811529320979844,
        65.96911099536045,
        45.95187939813987,
        21.077513348752866,
        75.18230219845952,
        71.95805371693788,
        59.514832768356996,
        50.94847057774005,
        38.779050156917656,
        4.557419557249438
      ],
      "enemiesCurve": [
        0,
        1,
        0,
        0,
        1,
        1,
        1,
        1,
        1,
        1,
        1,
        1.5,
        2,
        1,
        1,
        1,
        2,
        1.5,
        1,
        7,
        6,
        5,
        5,
        6,
        4.5,
        5.5,
        4,
        6,
        5.5,
        6,
        6.5,
        4.5,
        4.5,
        6,
        5.5,
        11.5,
        12,
        12.5,
        13,
        11,
        11.5,
        12,
        14.5,
        20.5,
        21,
        23,
        21,
        21,
        19,
        20,
        21,
        33,
        33.5,
        35,
        34.5,
        62,
        65,
        63,
        58,
        61.5,
        70.5,
        81,
        73,
        83
      ]
    },
    {
      "bot": "idle",
      "runs": 12,
      "survivedFullPct": 0,
      "winPct": 0,
      "survivalMsMedian": 247524.99999998254,
      "survivalMsMin": 110016.6666666758,
      "survivalMsMax": 460216.66666683624,
      "levelAt5minMedian": 9,
      "peakEnemiesMedian": 10,
      "minHpPctMedian": 0.19545999053087465,
      "bucketSec": 10,
      "hpPctCurve": [
        100,
        100,
        100,
        100,
        100,
        100,
        100,
        99.9603263888889,
        99.90544212962965,
        96.47521851851863,
        96.16727638888898,
        77.31124259259325,
        77.8679601851842,
        68.53846022376356,
        74.58557638888874,
        74.58557638888874,
        74.58557638888874,
        63.56714711700459,
        63.56714711700459,
        63.0092900743559,
        51.0372309799375,
        50.84658360339432,
        50.84658360339432,
        50.69416404320914,
        50.36847172067833,
        49.5122375578698,
        48.83827696759215,
        48.18916373456756,
        47.09229185956771,
        46.8225974151233,
        44.330629764660486,
        22.421926311726693,
        13.298331365741689,
        13.298331365741689,
        13.298331365741689,
        38.377328240741605,
        36.99957395833408,
        32.84377592592623,
        31.06046768728956,
        61.37994792718878,
        61.37994792718878,
        60.466247906144865,
        58.72220602904002,
        55.12151204054309,
        9.8647592697688,
        5.867054794459136,
        3.64965243755617
      ],
      "enemiesCurve": [
        0,
        1,
        0.5,
        0,
        1,
        1,
        0.5,
        1,
        0.5,
        1,
        1,
        2,
        2,
        1.5,
        1,
        1,
        1,
        1,
        1,
        6,
        4.5,
        5,
        5,
        5,
        5,
        5,
        4,
        7,
        6.5,
        5,
        6.5,
        6,
        6,
        7,
        8,
        14,
        16,
        11.5,
        12,
        10,
        13,
        12,
        13,
        22,
        22,
        19,
        16
      ]
    }
  ]
}