{
  "aggregates": [
    {
      "bot": "kite",
      "runs": 12,
      "survivedFullPct": 16.666666666666664,
      "winPct": 16.666666666666664,
      "survivalMsMedian": 552858.3333335109,
      "survivalMsMin": 211549.99999996842,
      "survivalMsMax": 633633.3333333229,
      "levelAt5minMedian": 15,
      "peakEnemiesMedian": 67,
      "minHpPctMedian": 2.583674131909567,
      "bucketSec": 10,
      "hpPctCurve": [
        100,
        100,
        100,
        100,
        100,
        100,
        100,
        100,
        100,
        99.97222685185186,
        99.97222685185186,
        99.99602847222215,
        98.26066574074065,
        98.0020900462961,
        98.0020900462961,
        98.83103611111103,
        100,
        100,
        100,
        99.95531732253087,
        90.99631803626586,
        94.15659058642017,
        95.2094944058648,
        95.71958460648148,
        95.09881242284011,
        94.43890380541538,
        99.1221959876544,
        99.1221959876544,
        100,
        100,
        99.7908527777778,
        90.22731099537044,
        100,
        100,
        100,
        99.0399793981481,
        95.70910787037002,
        98.39216041666583,
        95.22206481481352,
        95.32972548400606,
        95.89701226851756,
        95.13017384259129,
        94.95654317129495,
        92.24260347222129,
        88.96546628787789,
        92.14031832561548,
        88.94439699073803,
        87.91470082070586,
        88.34217737794413,
        91.90575850693972,
        89.193847125766,
        87.91470082070586,
        91.85014221204978,
        90.91790829299782,
        85.90421257540402,
        94.20400396674646,
        81.02878050469552,
        76.99263329474688,
        74.37070689709023,
        68.08683130231034,
        60.900564198399834,
        56.42101028981229,
        46.206049817614314,
        45.296242397346504
      ],
      "enemiesCurve": [
        0,
        1,
        0.5,
        0,
        1,
        1,
        1.5,
        2,
        1.5,
        3,
        2,
        2.5,
        3,
        2.5,
        2,
        3,
        2.5,
        2.5,
        2,
        8,
        7,
        7.5,
        6,
        6,
        6,
        6,
        5,
        8,
        8,
        6,
        7,
        11,
        6,
        7,
        7,
        14,
        14,
        14,
        13,
        13,
        13,
        12,
        13,
        21,
        21,
        21,
        20,
        21,
        21.5,
        20.5,
        21,
        29,
        29.5,
        31,
        30,
        61.5,
        58,
        62,
        62,
        53,
        57.5,
        84,
        82.5,
        82
      ]
    },
    {
      "bot": "greedy",
      "runs": 12,
      "survivedFullPct": 16.666666666666664,
      "winPct": 16.666666666666664,
      "survivalMsMedian": 538533.333333508,
      "survivalMsMin": 203649.99999997302,
      "survivalMsMax": 631649.9999999942,
      "levelAt5minMedian": 18.5,
      "peakEnemiesMedian": 52.5,
      "minHpPctMedian": 0.3130561911188484,
      "bucketSec": 10,
      "hpPctCurve": [
        100,
        98.82437499999988,
        97.4278333333332,
        94.3921006944442,
        93.68664930555536,
        93.16540972222228,
        99.55267800925913,
        97.43116296296296,
        96.75758680555573,
        96.44354050925949,
        95.8747395833336,
        95.8747395833336,
        100,
        100,
        100,
        100,
        100,
        100,
        100,
        100,
        100,
        100,
        100,
        100,
        100,
        100,
        100,
        100,
        100,
        100,
        100,
        97.83333333333303,
        97.83333333333303,
        99.42486868686866,
        100,
        99.17744640313386,
        97.84675202546244,
        95.8930292508414,
        95.18236593364115,
        95.18236593364115,
        98.78104629629615,
        93.41177941743709,
        92.9079276620361,
        90.38476869534323,
        87.19402350179823,
        96.02158796296042,
        91.36879068731855,
        90.87588681148748,
        92.97484307378329,
        91.4652369855231,
        94.37480320215855,
        94.9504577684049,
        94.74952581099092,
        93.66338012691185,
        84.60363845181847,
        73.43757629579964,
        65.51281607742611,
        58.910561833597775,
        58.60347187964799,
        74.93415860338511,
        76.146849680326,
        70.56136276729637,
        47.43008664571161,
        43.92583168539367
      ],
      "enemiesCurve": [
        0,
        1,
        0,
        0,
        1,
        1,
        0.5,
        1,
        1,
        1,
        0,
        0.5,
        1,
        1,
        1,
        1,
        0,
        1,
        1,
        4,
        4,
        4,
        4,
        5,
        2,
        4,
        4,
        6,
        5,
        5,
        5,
        4,
        6,
        5,
        4,
        12,
        12,
        11,
        12,
        13,
        12,
        11,
        11.5,
        20.5,
        18,
        19.5,
        19,
        19,
        19,
        17,
        21,
        29.5,
        28.5,
        29,
        31,
        51.5,
        54,
        54,
        56.5,
        51,
        51.5,
        74.5,
        68.5,
        71
      ]
    },
    {
      "bot": "idle",
      "runs": 12,
      "survivedFullPct": 0,
      "winPct": 0,
      "survivalMsMedian": 230191.66666662763,
      "survivalMsMin": 109666.6666666757,
      "survivalMsMax": 599550.0000000689,
      "levelAt5minMedian": 8,
      "peakEnemiesMedian": 10,
      "minHpPctMedian": 0.3921535686713988,
      "bucketSec": 10,
      "hpPctCurve": [
        100,
        100,
        100,
        100,
        100,
        100,
        100,
        99.94710185185187,
        99.8784965277778,
        96.3590379629631,
        95.60420787037044,
        90.76182222222155,
        86.56963611111078,
        79.36118472222105,
        86.56963611111078,
        86.56963611111078,
        86.56963611111078,
        85.73913993055521,
        85.73913993055521,
        72.17655559413622,
        76.85117235725372,
        76.60872540509327,
        75.05325675154401,
        74.9440312500008,
        74.23720727237742,
        73.64447283950713,
        73.64447283950713,
        80.73809714506305,
        75.50113564815028,
        75.50113564815028,
        76.61847360234398,
        26.03897612934864,
        72.32176626858848,
        72.32176626858848,
        72.32176626858848,
        71.3723874105637,
        70.06098027025016,
        68.68014569683731,
        68.61794629207539,
        65.06693405662509,
        65.06693405662509,
        63.86689685424396,
        61.938654790751514,
        61.44209681015177,
        59.199110754154795,
        57.791161046262005,
        55.480820300009114,
        53.9096854069311,
        50.83298258506071,
        49.624357557503004,
        49.415907518922694,
        49.28341923078331,
        49.08207787827002,
        47.72039247262581,
        47.72039247262581,
        43.35432809872672,
        39.895851357103126,
        21.03993954052001,
        12.286305281258857,
        6.232138421689899,
        3.592029129361484
      ],