{
  "aggregates": [
    {
      "bot": "kite",
      "runs": 12,
      "survivedFullPct": 41.66666666666667,
      "winPct": 41.66666666666667,
      "survivalMsMedian": 941833.3333331472,
      "survivalMsMin": 197599.99999997654,
      "survivalMsMax": 1223233.33333317,
      "levelAt5minMedian": 11.5,
      "peakEnemiesMedian": 192,
      "minHpPctMedian": 3.0505309087227253,
      "bucketSec": 10,
      "hpPctCurve": [
        100,
        100,
        100,
        100,
        100,
        99.51434340277774,
        99.07303229166668,
        98.85139905478397,
        98.78832798996916,
        99.01979359567903,
        98.78832798996916,
        98.78832798996916,
        98.5310964699074,
        96.82748004173672,
        96.82748004173672,
        96.82748004173672,
        96.82748004173672,
        96.49074250315644,
        96.49074250315644,
        96.49074250315644,
        98.47400981341178,
        94.5074751929011,
        94.20205814043176,
        94.20205814043176,
        94.20205814043176,
        94.20205814043176,
        94.20205814043176,
        94.20205814043176,
        94.20205814043176,
        94.20205814043176,
        95.90640645342296,
        92.38021597572987,
        83.35906344346283,
        70.20807737794482,
        72.76181547418584,
        70.57665822986743,
        69.6588924891264,
        69.6588924891264,
        73.86687160172326,
        76.7823813482037,
        76.7823813482037,
        76.7823813482037,
        76.81798339821731,
        76.81798339821731,
        76.81798339821731,
        76.81798339821731,
        76.81798339821731,
        77.2001473996326,
        86.8592383087235,
        86.8592383087235,
        90.26832921781441,
        93.39332921781441,
        96.80242012690533,
        98.74040232533605,
        98.74040232533605,
        98.74040232533605,
        100,
        99.80621945730451,
        99.6717669110082,
        99.80621945730451,
        99.66652283249155,
        95.33372623106035,
        86.79605581275669,
        86.53508731995834,
        87.36475794110032,
        99.18422357253085,
        99.18422357253085,
        99.18422357253085,
        98.33550896990761,
        99.8851484375,
        99.67180436599799,
        99.91465235690238,
        99.56474720293215,
        100,
        100,
        100,
        100,
        100,
        100,
        100,
        100,
        100,
        100,
        100,
        100,
        100,
        100,
        100,
        100,
        100,
        100,
        99.58333333333331,
        98.85131523029446,
        97.28909732744184,
        99.55497812763062,
        100,
        100,
        100,
        100,
        100,
        100,
        100,
        100,
        100,
        100,
        100,
        100,
        100,
        100,
        100,
        100,
        100,
        100,
        100,
        100,
        100,
        100,
        100,
        98.53997929032177,
        100,
        99.90082404439698,
        94.00759169857062,
        38.29393732194818,
        98.65370691872428
      ],
      "enemiesCurve": [
        0,
        2,
        6,
        4.5,
        7.5,
        9,
        6,
        7,
        6.5,
        2,
        3.5,
        7.5,
        6,
        5.5,
        2,
        4,
        6,
        6,
        1.5,
        10,
        11,
        12,
        12,
        13,
        13,
        10,
        8,
        16,
        16,
        14,
        13,
        20,
        21,
        15,
        21,
        27.5,
        29,
        24,
        26,
        25,
        26.5,
        24.5,
        23.5,
        30.5,
        33.5,
        28.5,
        28,
        29.5,
        32,
        31.5,
        31,
        44,
        48,
        47,
        44.5,
        61.5,
        66,
        63.5,
        64,
        66,
        66.5,
        76,
        81,
        83,
        77.5,
        80,
        83,
        121,
        119,
        120,
        126.5,
        137.5,
        142,
        172.5,
        171.5,
        157.5,
        168.5,
        165.5,
        176.5,
        212.5,
        204,
        209,
        213.5,
        211,
        216,
        216,
        207.5,
        208.5,
        219,
        215,
        217,
        218.5,
        203.5,
        218.5,
        216.5,
        218.5,
        216,
        218.5,
        203,
        216,
        218.5,
        216.5,
        216.5,
        209.5,
        200,
        218,
        220,
        218.5,
        218.5,
        218,
        212,
        209.5,
        218.5,
        220,
        213.5,
        219,
        219.5,
        209,
        205,
        217,
        217,
        219,
        219,
        219
      ]
    },
    {
      "bot": "greedy",
      "runs": 12,
      "survivedFullPct": 16.666666666666664,
      "winPct": 16.666666666666664,
      "survivalMsMedian": 602500.000000062,
      "survivalMsMin": 37583.33333333359,
      "survivalMsMax": 1213599.9999997918,
      "levelAt5minMedian": 16,
      "peakEnemiesMedian": 84.5,
      "minHpPctMedian": 0.33438107639082093,
      "bucketSec": 10,