{
  "aggregates": [
    {
      "bot": "kite",
      "runs": 12,
      "survivedFullPct": 33.33333333333333,
      "winPct": 33.33333333333333,
      "survivalMsMedian": 600758.3333333994,
      "survivalMsMin": 305116.6666666557,
      "survivalMsMax": 633666.6666666562,
      "levelAt5minMedian": 15,
      "peakEnemiesMedian": 86,
      "minHpPctMedian": 1.5581555835867422,
      "bucketSec": 10,
      "hpPctCurve": [
        100,
        100,
        100,
        100,
        99.8675416666667,
        97.4984548611111,
        95.01815783178998,
        92.90378734567904,
        96.17755902777768,
        94.41308125000023,
        93.0358567515434,
        90.2935073302464,
        90.2935073302464,
        90.22098881172786,
        89.23344298891655,
        89.23344298891655,
        88.90733345608828,
        92.03314354482319,
        92.03314354482319,
        92.03314354482319,
        89.4619816042366,
        91.80802082631897,
        91.7191052206091,
        95.92544649971967,
        95.92544649971967,
        95.92544649971967,
        96.83258966575514,
        96.77061110409676,
        96.77061110409676,
        95.0492370756852,
        98.99094044612762,
        63.81067218660902,
        68.31813584968243,
        73.99995403150061,
        78.3461311078195,
        81.63710675666877,
        81.63710675666877,
        81.63710675666877,
        81.4380022217359,
        81.63710675666876,
        87.101807093369,
        86.88939389892454,
        87.56397937170803,
        87.07767053683139,
        91.26232919472297,
        89.04271583894244,
        87.87933263187142,
        86.9367247474716,
        80.10281653689619,
        80.10281653689619,
        80.10281653689619,
        83.30974328528146,
        83.2245833526215,
        80.10281653689619,
        79.22200459806312,
        76.42184873386469,
        74.6527026900931,
        76.23588586182257,
        73.03595919553304,
        70.22835614681807,
        60.100169786981525,
        57.91140954714076,
        49.24099677883989,
        76.23588586182257
      ],
      "enemiesCurve": [
        0,
        0,
        2.5,
        1,
        4,
        1,
        4,
        4,
        1.5,
        3.5,
        4,
        0,
        3,
        3,
        3,
        0,
        0.5,
        2,
        3,
        6,
        6,
        5.5,
        6,
        5.5,
        5.5,
        6.5,
        7.5,
        7.5,
        8,
        8,
        7,
        11,
        9,
        8,
        9.5,
        14.5,
        15,
        15.5,
        14,
        16.5,
        16,
        13.5,
        16.5,
        23.5,
        22,
        25,
        23,
        23,
        25,
        22,
        24,
        33.5,
        36.5,
        38,
        33,
        60,
        63,
        64,
        65,
        60.5,
        68,
        79.5,
        90.5,
        85
      ]
    },
    {
      "bot": "greedy",
      "runs": 12,
      "survivedFullPct": 8.333333333333332,
      "winPct": 8.333333333333332,
      "survivalMsMedian": 338141.6666666941,
      "survivalMsMin": 25516.666666667094,
      "survivalMsMax": 631933.3333333269,
      "levelAt5minMedian": 19,
      "peakEnemiesMedian": 16.5,
      "minHpPctMedian": 0.40196120201226365,
      "bucketSec": 10,
      "hpPctCurve": [
        100,
        97.64874999999975,
        79.6001224151226,
        53.335521084103824,
        42.86738062570079,
        42.69643668981601,
        49.03083735094052,
        47.28678660388678,
        42.5677135223757,
        39.84082280150842,
        39.84082280150842,
        38.34882577540244,
        49.74465602231601,
        49.74465602231601,
        49.64494305935304,
        49.085262503797416,
        48.2812100346616,
        59.17136154981312,
        58.66313778438102,
        57.88867752203534,
        56.91948016273963,
        54.61923432940647,
        54.07554532477688,
        62.79822654671574,
        62.14420111181423,
        60.2866894219997,
        58.59246725764817,
        58.38137654029009,
        67.36082559543334,
        62.760067433373386,
        70.35509463222003,
        75.95732270724358,
        75.95732270724358,
        75.95732270724358,
        75.95732270724358,
        81.16565604057692,
        81.16565604057692,
        81.10632122833411,
        87.47047924760462,
        87.35092307476509,
        87.35092307476509,
        87.2991954513083,
        87.2991954513083,
        87.2991954513083,
        88.66226871009252,
        85.47143777194765,
        84.31584394800186,
        83.52874744915907,
        82.93877984049121,
        81.73115152272902,
        81.633001101102,
        87.77327358798979,
        87.45949475802333,
        86.2222943186089,
        94.65208343855043,
        84.18720987653508,
        78.3263001543115,
        71.49958563096457,
        73.64411394032014,
        64.395621483034,
        46.64540667372822,
        29.531545035993545,
        31.252107561975006,
        9.474502892861286
      ],
      "enemiesCurve": [
        0,
        0,
        8,
        0,
        3,
        0,
        1,
        6.5,
        0,
        1,
        9.5,
        0,
        1,
        1,
        2,
        0,
        0,
        1,
        1,
        4.5,
        4.5,
        4.5,
        6,
        3,
        6.5,
        7.5,
        5.5,
        8.5,
        7.5,
        7,
        7,
        6,
        7.5,
        6.5,
        6.5,
        13.5,
        13.5,
        14.5,
        17,
        14,
        15,
        13,
        16,
        23,
        18.5,
        23,
        21.5,
        18,
        20.5,
        23,
        22,
        31,
        35.5,
        28.5,
        37,
        50,
        59,
        64,
        55,
        60,
        56,
        79,
        77.5,
        57
      ]
    },
    {
      "bot": "idle",
      "runs": 12,
      "survivedFullPct": 0,
      "winPct": 0,
      "survivalMsMedian": 60616.66666666903,
      "survivalMsMin": 24516.66666666702,
      "survivalMsMax": 304083.33333332115,
      "levelAt5minMedian": 6,
      "peakEnemiesMedian": 17,
      "minHpPctMedian": 0.29708591996687567,
      "bucketSec": 10,
      "hpPctCurve": [
        100,
        91.38782229938143,
        69.47146821163061,
        45.70384490740973,
        32.978000308641505,
        26.30216018518657,
        25.526728809800822,
        24.89878976659097,
        22.58398099601485,
        20.04512469135944,
        23.540361766975145,
        16.989729983281464,
        14.950079976854788,
        14.950079976854788,
        14.950079976854788,
        14.812739699077001,
        14.812739699077001,
        5.863403766837057,
        8.517633882227566,
        8.476377218366737,
        12.936530734430606,
        11.520818928875167,
        9.560880657270408,
        21.318250883842655,
        20.529032133842755,
        20.333905204830433,
        19.952039634485836,
        19.046725205473635,
        30.492196296301906,
        29.702218055561254,
        29.566577276240274
      ],
      "enemiesCurve": [
        0,
        5,
        14,
        0,
        2,
        0,
        1,
        7,
        10,
        0,
        2,
        0,
        1,
        4,
        10,
        0,
        0,
        1,
        3.5,
        8,
        5,
        4,
        5,
        3.5,
        7,
        11.5,
        4.5,
        5,
        7,
        6,
        10
      ]
    }
  ]
}